Score;Fit;Regionsbonus;Ausschlussgrund;Firma;Ort;PLZ;Kanton;Region;Ausgeschriebene Stelle;Pensum;Anzahl Stellen;Mitarbeitende;Groesse belegt;Groessenhinweis;Software;Vermittler;Quelle;Inserat-URL;Website;Kontakt;Mail;Telefon;Beleglage;Notiz
95;87;8;;Heimatt Gruppe | Küng Treuhand AG;Luzern;6003;LU;Luzern Stadt und Agglo;Sachbearbeiter:in Treuhand 60%-100%;60-100%;2;15;nein;;Abacus;nein;;https://www.jobscout24.ch/de/jobs/sachbearbeiter%20treuhand/;;;;;unsicher;NUR aus Snippet-Fliesstext, kein Treffer-Titel und keine Inserats-URL bestätigt Firma+Stelle. Vor Ansprache selber verifizieren. Falls echt: Prio 1 (6003 Luzern, Stadt). | Inserat nennt explizit Abacus als eingesetzte Software und 'zentrale Lage beim Bahnhof', 5 Wochen Ferien. Bahnhofnähe = idealer Kandidat für persönlichen Besuch ohne Terminvereinbarung. Abacus-Umgebung ist für uns ein konkreter Andockpunkt (Schnittstellen/Belegautomatisierung). Achtung: Aggregator-Quelle, Originalinserat nicht gegengeprueft. | Weitere offene Stellen: Sachbearbeiter:in Treuhand (m/w/d) 60-100% | Auch gefunden auf: jobs.ch (Detailseite) | PRIO 1. Snippet: 'erweitern ihr Treuhand-Team am Standort Luzern', 'vielfaeltige Aufgaben im KMU-Umfeld mit diversen Mandaten und direktem Kundenkontakt'. Wachstumssignal = mehr Mandate als Kapazität. Gruppenstruktur (Heimatt Gruppe) heisst oft mehrere Gesellschaf
95;87;8;;zahlenmacher ag;Luzern;6006;LU;Luzern Stadt und Agglo;Sachbearbeiter*in Treuhand 80-100% UND Junior Sachbearbeiter*in Treuhand;80-100%;3;15;nein;Kleines inhabergeführtes Büro, Mitglied TREUHAND|SUISSE Sektion Zentralschweiz;;nein;jobs.ch;https://treuhand-job.ch/region-luzern;https://www.zahlenmacher.ch/de;info@zahlenmacher.ch;info@zahlenmacher.ch;;indiziert;"Weitere offene Stellen: Junior Sachbearbeiter*in Treuhand (80-100%) / Sachbearbeiter/in Treuhand 80-100%; Sachbearbeiter*in Treuhand | Auch gefunden auf: JobScout24 / jobs.ch, jobs.ch (Suchtreffer-Snippet) | TOP-LEAD PRIO 1. Adresse Wesemlinrain 16, 6006 Luzern (Stadt, zu Fuss erreichbar). ZWEI Vakanzen gleichzeitig (Sachbearbeiter + Junior) = sehr starkes Kaufsignal für ein kleines Büro. Leistungen laut Website: Steuern, Jahresabschlüsse, klassische UND digitale Buchhaltung, Finanzberatung für KMU - digitale Affinitaet bereits vorhanden. Direkt vorbeigehen."
92;87;5;;Across Advisory AG;Baar;6340;ZG;übrige Zentralschweiz;"Sachbearbeiter/in Treuhand 80-100%; zusätzlich Junior Mandatsleiter/in Treuhand";80-100%;3;17;ja;17-köpfiges Team, gegr. 2021, in unter 5 Jahren von Einzelfirma auf 17 Personen gewachsen;;nein;jobscout24.ch;https://www.jobs.ch/en/companies/da2b5ca6-699a-4743-81b6-1912d532a9d6-across-advisory-ag/;https://www.across-advisory.ch;+41 41 541 68 88 / info@across-advisory.ch;info@across-advisory.ch;+41 41 541 68 88;indiziert;"Weitere offene Stellen: Sachbearbeiter/in Treuhand 80-100% (Festanstellung); Sachbearbeiter/in Treuhand | Auch gefunden auf: jobs.ch, jobs.ch (Trefferliste) | IDEALES ZIELPROFIL. Genau im 4-25-MA-Fenster, sehr schnelles Wachstum, laut Selbstbeschreibung 'klarer Fokus auf digitale Lösungen, Effizienz und persönliche Betreuung'. Zwei offene Stellen. Mitglied TREUHAND|SUISSE. Prio 2 (Zug, gut erreichbar ab Luzern)."
92;84;8;;KTax AG;Luzern;6003;LU;Luzern Stadt und Agglo;Sachbearbeiter/in Steuern und Treuhand (80-100%);80-100%;2;6;nein;"Kleines Treuhand-/Steuerbüro, Winkelriedstrasse 35, 6003 Luzern; Kontakt geht direkt an einen Partner/Inhaber";Abacus;nein;Indeed;https://ch.indeed.com/viewjob?jk=b656562acc9b5e12;https://www.ktax.ch;Kurt Widmer, Tel. +41 41 227 37 00, Fax +41 41 227 37 09, kwidmer@ktax.ch;kwidmer@ktax.ch;+41 41 227 37 00;indiziert;Weitere offene Stellen: Sachbearbeiter/in für Steuern und Treuhand (100%) | Auch gefunden auf: jobs.ch + eigene Karriereseite | SEHR GUTER LEAD für Automatisierung: Inserat nennt explizit ABACUS ('Kundenbuchhaltungen in Abacus inkl. Lohnbuchhaltung, Steuererklärungen'). Eigene Karriereseite: https://ktax.ch/karriere/sachbearbeiter-in-steuern-und-treuhand/ . Adresse Winkelriedstrasse 35, 6003 Luzern - Prio 1, zu Fuss erreichbar. ACHTUNG: Kontaktangaben (Kurt Widmer, kwidmer@ktax.ch, +41 41 227 37 00) stammen aus einem Such-Snippet und sind NICHT von mir auf der Seite verifiziert - vor Nutzung auf ktax.ch/en/contact/ gegenpruefen.
91;86;5;;Juris Treuhand AG;Zug;6300;ZG;übrige Zentralschweiz;Mandatsleiter/in Treuhand;;3;30;ja;ca. 30 Mitarbeitende, seit 55 Jahren, 4 Standorte;Abacus;nein;jobwinner.ch;https://jobwinner.ch/en/job/1172757511;https://www.juristreuhand.ch;;;;indiziert;"Weitere offene Stellen: Sachbearbeiter/in Treuhand 80-100% (Festanstellung); Sachbearbeiter/in Treuhand | Auch gefunden auf: financejobs.ch (Suchtreffer-Snippet), jobs.ch, jobs.ch (Trefferliste) | IDEALE ZIELGROESSE (~30 MA) und Prio-Region 2. Snippet nennt explizit: selbständige Führung von Kundenbuchhaltungen inkl. Abschlüsse, Revisionsunterlagen, LOHNBUCHHALTUNG und Personaladministration, Software ABACUS. Genau der Arbeitsstapel, den Automatisierung abnimmt. Ansprache über Abacus-Schnittstellen/Lohnlauf-Automatisierung."
89;81;8;;A & B Treuhand AG;Luzern;6004;LU;Luzern Stadt und Agglo;Sachbearbeiter/in Treuhand 80-100%;80-100%;1;15;nein;'Langjaehrige Erfahrung in der Treuhandbranche im Herzen von Luzern', KMU;;nein;jobwinner.ch;https://jobwinner.ch/de/job/1445690858;https://ab-treuhand.ch/;041 418 12 12 / info@ab-treuhand.ch;info@ab-treuhand.ch;041 418 12 12;indiziert;Auch gefunden auf: ab-treuhand.ch | PRIO 1 DIREKTBESUCH. Gerbergasse 1, 6004 Luzern (Altstadt). Ganzheitliches Treuhand- und Revisionsunternehmen: Steuerberatung, Revision, Buchhaltung/Rechnungslegung, Lohn- und Personaladministration, MWST inkl. Fiskalvertretung, Rechtsberatung.
89;81;8;;Bättig Treuhand AG;Luzern;6003;LU;Luzern Stadt und Agglo;Treuhandsachbearbeiter/in (mit/ohne FA) 60-100%;60-100%;2;25;ja;25 Mitarbeitende, 'modernes Treuhandunternehmen im Herzen von Luzern';;nein;jobagent.ch;https://www.jobagent.ch/job/treuhandsachbearbeiter-in-mit-ohne-fa-60-100/324d576e43;https://www.baettig-treuhand.ch;;;;indiziert;Weitere offene Stellen: KV-Lehrstelle Kaufmann/-frau EFZ Treuhand/Immobilien 2026/2027 (keine Sachbearbeiter-Stelle belegt) | Auch gefunden auf: yousty.ch, zentraljob.ch | IDEALE ZIELGROESSE (25 MA) und Prio 1 (Stadt Luzern). Inserat betont 'modernes Arbeitsumfeld' und enge Zusammenarbeit mit Mandatsleitern - anschlussfaehig für Automatisierungs-Pitch. Firmenprofil mit allen Inseraten: https://www.zentraljob.ch/firma/baettig-treuhand-ag/2128
88;83;5;;Huwiler & Partner Treuhand AG;Cham;6330;ZG;übrige Zentralschweiz;Sachbearbeitung Treuhand (min. 60%);ab 60%;1;15;nein;'Dynamisches Treuhand- und Immobilienunternehmen im Kanton Zug' (laut Snippet) - partnergeführtes KMU;Abacus;nein;jobs.ch;https://www.jobs.ch/en/vacancies/detail/501a825a-5133-4051-ba6f-86fe729a4264/;;;;;indiziert;PRIORITAET 2 (Zug). SOFTWARE: ABACUS explizit gefordert. Treuhand + Immobilienbewirtschaftung = viel repetitive Mietzins-/Nebenkostenarbeit, guter Automatisierungshebel.
86;81;5;;Facto Treuhand AG;Zug;6300;ZG;übrige Zentralschweiz;Sachbearbeiter/in Treuhand (60-100%);60-100%;2;15;nein;'Etabliertes und aufstrebendes Treuhandunternehmen' in Zug, regionale und internationale Kunden;;nein;jobwinner.ch;https://jobwinner.ch/en/job/14022100;;;;;indiziert;Weitere offene Stellen: Sachbearbeiter Treuhand | Auch gefunden auf: JobScout24 (Detailseite), jobscout24.ch | Adresse aus Inserats-Titel: Chamerstrasse 172, 6300 Zug - Prio 2. 'Aufstrebend' = Wachstum ohne Personal. Sucht Unterstuetzung für Mandatsleiter bei nationalen und internationalen Kunden.
86;81;5;;KD Zug-Treuhand AG;Zug;6300;ZG;übrige Zentralschweiz;Treuhänder/in oder Buchhalter/in (w/m) 100% mit Fachausweis und Mandatsverantwortung;100%;2;16;ja;Team von 16 Mitarbeitenden, gut etabliert in Zug;;nein;jobwinner.ch;https://jobwinner.ch/de/job/14284373;https://www.kdzug.ch/;;;;indiziert;Auch gefunden auf: kdzug.ch | Adresse aus Inserats-Titel: Untermueli 7, 6300 Zug - Prio 2. IDEALE GROESSE (16 MA). Laut Snippet ZWEI offene Stellen parallel: (1) Treuhänder/Buchhalter mit Mandatsverantwortung, (2) Sachbearbeiter/in Kreditoren und Debitoren 80-100% - doppeltes Kapazitätssignal. Alle Inserate: https://jobwinner.ch/de/jobs?q=KD+Zug-Treuhand+AG
83;75;8;;Balmer Buck Zenhäusern AG;Kriens;6010;LU;Luzern Stadt und Agglo;Sachbearbeiter/in Treuhand 80-100%;80-100%;1;15;nein;Partnergeführtes Büro (3 Namen im Firmennamen) - typisch KMU-Treuhand;;nein;jobs.ch;https://www.jobs.ch/de/stellenangebote/?location=luzern&term=sachbearbeiterin%20treuhand;;;;;indiziert;HOHE PRIORITAET Agglo Luzern (Kriens). Auch in der jobscout24-Trefferliste Nidwalden bestätigt - Doppelschaltung.
83;75;8;;Edcon Treuhand AG;Kriens;6010;LU;Luzern Stadt und Agglo;SachbearbeiterIn Treuhand mit eidg. Fachausweis 80-100%;80-100%;1;15;nein;KMU-Treuhandbüro;;nein;jobscout24.ch;https://www.jobscout24.ch/de/jobs-in-nidwalden/treuhand-sachbearbeiter/;;;;;indiziert;HOHE PRIORITAET Agglo Luzern (Kriens). Sucht explizit eidg. FA - qualifizierte Kraefte sind genau die, die am schwersten zu finden sind. Starkes Automatisierungs-Argument.
83;75;8;;Refina Treuhand AG;Horw;6048;LU;Luzern Stadt und Agglo;Sachbearbeiter/in Treuhand und Steuern 80-100%;80-100%;1;15;nein;KMU-Treuhandbüro;;nein;jobs.ch;https://www.jobs.ch/de/stellenangebote/?location=luzern&term=sachbearbeiterin%20treuhand;;;;;indiziert;HOHE PRIORITAET Agglo Luzern (Horw). Steuern + Treuhand kombiniert = hoher Anteil repetitiver Deklarationsarbeit.
83;75;8;;Schärli & Partner Immobilien-Treuhand AG;Luzern;6004;LU;Luzern Stadt und Agglo;Sachbearbeiter(in) Immobilienbewirtschaftung 100%;100%;1;15;nein;KMU Immobilien-Treuhand;;nein;jobwinner.ch;https://jobwinner.ch/de/job/2061599714;;;;;indiziert;Adresse aus Inserats-Titel: Zürichstrasse 43, 6004 Luzern - Prio 1, zu Fuss erreichbar. ABGRENZUNG: Immobilienbewirtschaftung, nicht klassische Finanzbuchhaltung - passt nur wenn Flusswerk auch Liegenschaftsabrechnung/Nebenkosten automatisiert. Sonst niedrigere Priorität.
83;75;8;;utag Treuhand AG;Kriens;6010;LU;Luzern Stadt und Agglo;Mandatsleiter/in Treuhand;;1;15;nein;KMU-Treuhandbüro;;nein;jobs.ch;https://www.jobs.ch/de/stellenangebote/?region=15&term=fachmann%20finanz-%20und%20rechnungswesen;;;;;indiziert;HOHE PRIORITAET Agglo Luzern (Kriens).
81;79;2;;Avanova Treuhand AG;Zürich;;ZH;Nachbarkantone;Sachbearbeiter:in Treuhand;80-100%;1;7;ja;7 Mitarbeitende;Abacus / Dr. Tax;nein;jobs.ch;https://www.jobs.ch/en/vacancies/detail/64d43f52-8225-4fe9-95c4-560db4cdf521/;https://avanova.ch;Kerstin & Jannik, +41 43 466 77 22;;+41 43 466 77 22;indiziert;BESTER INHALTLICHER FIT DER GANZEN LISTE, aber Prio 3 (Zürich, nur Mailing). Positioniert sich selbst als 'digitales Treuhand', 7 Mitarbeitende, direkt am Bahnhof Stadelhofen. Inserat nennt explizit: Lohnbuchhaltung inkl. Personaladministration, MWST- und Sozialversicherungsabrechnungen, Abacus und Dr. Tax von Vorteil, 'IT-Affinitaet' als Anforderung. Eine Firma, die IT-Affinitaet in ein SB-Inserat schreibt, ist für Automatisierung schon vorgewaermt. Oeffentliche Kontaktdaten im Inserat: Kerstin und Jannik, Telefon +41 43 466 77 22.
81;76;5;;Partner Treuhand AG;Sursee;6210;LU;übrige Zentralschweiz;Sachbearbeiter:in Treuhand 100%;100%;3;;;"4 Standorte (Luzern, Sursee, Hochdorf, Willisau); Sursee-Gesellschaft gegr. 2005";;nein;jobscout24.ch;https://www.partnertreuhand.ch/karriere/;https://www.partnertreuhand.ch/;041 926 70 20 / info@ptsursee.ch;info@ptsursee.ch;041 926 70 20;indiziert;"Weitere offene Stellen: Sachbearbeiter:in Treuhand; Treuhand Sachbearbeiter / Sachbearbeiterin Rechnungswesen (Stellenstatus nicht eindeutig belegt) | Auch gefunden auf: Firmen-Website (Suchtreffer), Firmen-Website partnertreuhand.ch, jobs.ch (Trefferliste Zentralschweiz) | ACHTUNG: Die gefundenen Treffer stammen aus der Team-Seite (Funktionsbezeichnungen bestehender Mitarbeitender), nicht zwingend aus einem Stelleninserat. Vor Ansprache unbedingt Karriereseite pruefen. Trotzdem als Firmenuniversum wertvoll: Mehrstandort-Treuhänder (Luzern seit 1968, Sursee seit 1972, Willisau) genau in Prioritätsregion 1/2."
80;75;5;;Bitzi Treuhand AG;Sursee;6210;LU;übrige Zentralschweiz;Sachbearbeiter Treuhand (m/w/d) 60-100%;60-100%;1;15;nein;KMU-Treuhand, Sursee;;nein;jobwinner.ch;https://jobwinner.ch/fr/job/1932991270;;;;;indiziert;Adresse aus Inserats-Titel: Schlottermilch 10a, 6210 Sursee - Prio 2 (Kanton Luzern, 25 Min. ab Luzern, Besuch gut machbar). Aufgabenliste laut Snippet extrem automatisierungsnah: Kundenbuchhaltungen inkl. MWST-Abrechnungen, Steuererklärungen, Jahresabschlüsse, Lohnbuchhaltung PLUS allgemeine Sekretariatsarbeiten - d.h. die Fachkraft macht auch Admin = klarer Effizienzhebel.
80;75;5;;Numarics AG;Baar;6340;ZG;übrige Zentralschweiz;Sachbearbeiter-/in Treuhand 80-100% (M/W/D);80-100%;1;;;Accounting Team, 'Team von Experten für alle Treuhand-Dienstleistungen';Abacus / bexio / Banana;nein;jobs.ch;https://www.jobs.ch/de/stellenangebote/detail/7902a875-d874-46b9-89ba-168d4fbe361d/;https://www.numarics.com;;;;indiziert;SOFTWARE explizit genannt: ABACUS, bexio und Banana. Volles Leistungsspektrum (Buchhaltung, Lohn, Revision, Steuern, MwSt). Achtung: Numarics ist selbst ein Digital-/AI-Treuhänder - eher Partner oder Wettbewerber als Kunde. Vor Ansprache Positionierung pruefen.
80;72;8;;OPES AG;Emmenbrücke;6020;LU;Luzern Stadt und Agglo;Treuhänder mit eidg. Fachausweis (M/W/D);60-80%;3;15;nein;Zentralschweizer Treuhandfirma;;nein;jobscout24.ch;https://www.jobscout24.ch/en/jobs-in-lucerne/treuhand/;https://opes.ch/;;;;indiziert;"Weitere offene Stellen: Treuhänder/in mit eidg. Fachausweis (m/w/d), per sofort oder nach Vereinbarung; SACHBEARBEITER TREUHAND & WIRTSCHAFTSPRUEFUNG (M/W/D) 60-100% | Auch gefunden auf: jobagent.ch / treuhand-job.ch / opes.ch Karriereseite, jobscout24.ch | PRIO 1. Huebelistrasse 18, 6020 Emmenbrücke. 'per sofort' = Dringlichkeit. Karriereseite: https://opes.ch/karriere/ . Wichtig: OPES betreibt mit 'OPES go' (opesgo.ch) bereits eine eigene digitale Dienstleistung - d.h. Digitalisierungs-Budget und -Bereitschaft nachweislich vorhanden. Bereiche: Finanz-/Rechnungswesen, HR Services, Steuern, Real Estate, Revision."
78;70;8;;Persigo AG;Luzern;6003;LU;Luzern Stadt und Agglo;Sachbearbeiter Treuhand 80-100% / Fachspezialist:in Payroll, Lohnadministration 70-80% (befristet, Abacus);70-100%;2;;;20 offene Inserate auf jobs.ch (Firmenprofil 100855) - Personaldienstleister;Abacus;ja;jobs.ch;https://www.jobs.ch/de/stellenangebote/detail/e1a9ff49-53af-4185-868f-db5571b118ab/;https://www.persigo.ch;Christoph Müller (Persigo AG, via jobs.ch Firmenprofil);;;indiziert;Weitere offene Stellen: (Senior) Sachbearbeiterin Treuhand 40-100% (m/w/d) | Auch gefunden auf: persigo.ch (Personalvermittler) | VERMITTLER, nicht Endkunde. ABER: Payroll-Stelle explizit 'mit Abacuserfahrung' und BEFRISTET - der dahinterliegende Endkunde hat einen akuten Lohnlauf-Engpass. Kontaktperson im Firmenprofil sichtbar: Christoph Müller (https://www.jobs.ch/de/firmen/100855-persigo-ag/kontakte/206012-christoph-mueller/). Persigo kann als Tueroeffner zu mehreren Treuhand-Endkunden dienen.
78;70;8;;Pro Senectute Kanton Luzern;Luzern;;LU;Luzern Stadt und Agglo;Sachbearbeiter/in Treuhand + Steuern;50%;2;;;NPO, kantonale Organisation;;nein;zentraljob.ch;https://www.zentraljob.ch/job/sachbearbeiter-in-treuhand-steuern-50/194276;https://lu.prosenectute.ch;;;;indiziert;Weitere offene Stellen: Sachbearbeiter/in Treuhand + Steuern 50% | Auch gefunden auf: zentraljob.ch / monster.ch | Kein klassisches Treuhandbüro, sondern NPO mit eigener Treuhand-/Steuerdienstleistung für Seniorinnen und Senioren (hohes Volumen einfacher, stark standardisierter Steuererklärungen). Genau dieses Massengeschäft ist der dankbarste Automatisierungsfall. Anderer Verkaufswinkel: Kostendruck / Spendenmittel statt Marge. Nur 50% Pensum ausgeschrieben -> Budget knapp, Automatisierung ist das billigere Argument.
78;70;8;;Stephanie Baumann Treuhand AG;Luzern;6003;LU;Luzern Stadt und Agglo;Treuhand-Sachbearbeiter*in;50-100%;2;6;nein;'Kleine Treuhand-Boutique' nahe Bahnhof Luzern, wachsendes Team;;nein;jobwinner.ch;https://jobwinner.ch/de/job/1594592637;;;;;indiziert;Weitere offene Stellen: Sachbearbeiter/in Treuhand 50-100% | Auch gefunden auf: jobscout24.ch | Adresse aus Inserats-Titel: Morgartenstrasse 9, 6003 Luzern - Prio 1, direkt beim Bahnhof, zu Fuss erreichbar. Kleine Boutique die WAECHST und 'erfahrene' Leute sucht = klassischer Automatisierungs-Case (kein Budget für zweiten Kopf). Auch auf jobs.ch gelistet.
77;72;5;;Truvag AG (Truvag Treuhand);Sursee;6210;LU;übrige Zentralschweiz;Sachbearbeiter Treuhand 80-100%;80-100%;1;;;Grössere regionale Treuhandgruppe Luzerner Landschaft (Sursee, Reiden, Willisau);Abacus;nein;jobs.ch;https://www.jobs.ch/de/stellenangebote/?region=15&term=sachbearbeiter+treuhand;https://www.truvag.ch;;;;indiziert;Auch gefunden auf: Firmenwebsite / Abacus-Ökosystem | KEIN Stellensignal gefunden. Erfasst, weil Abacus-Anwender/Partner im Kanton Luzern = passt ins Software-Muster. Für die Karriereseiten-Überwachung auf die Watchlist setzen.
75;70;5;;accoswiss ag;Cham;6330;ZG;übrige Zentralschweiz;Dipl. Treuhandexpert/in 80-100% UND Treuhänder/in mit eidg. Fachausweis 70-100%;70-100%;2;;;Hauptsitz Cham, weitere Büro Zürich und Pfaeffikon, KLEINER STANDORT LUZERN;;nein;jobs.ch;https://www.jobs.ch/de/firmen/3dbb8bca-9dfb-4ed8-b6c6-045de3896793-accoswiss-ag/;https://www.accoswiss.ch;;;;indiziert;Weitere offene Stellen: Treuhand-Stellen im Raum Cham/Zug (Titel nicht einzeln belegt) | Auch gefunden auf: JobScout24 | Hammergut 6, 6330 Cham. Selbstbeschreibung: 'spezialisiert auf digitale Treuhandlösungen', Leistungen Rechnungswesen, HR, Steuern, Unternehmensberatung. Zwei offene Stellen, beide auf Kaderstufe (Fachausweis/Experte) - klassisches Zeichen, dass Mandatsvolumen die Kapazität übersteigt. Der kleine Standort Luzern ist ein guter Vorwand für einen persönlichen Besuch.
75;70;5;;Brafox Finance GmbH;Zug;6300;ZG;übrige Zentralschweiz;Sachbearbeiter/in Treuhand;50-100%;2;;;GmbH, vermutlich klein;;nein;jobscout24.ch;https://www.jobscout24.ch/en/jobs-in-zug/sachbearbeiter%20treuhand/;;;;;indiziert;Weitere offene Stellen: Sachbearbeiter/In Treuhand (m/w/d) 50-100% | Auch gefunden auf: treuhand-job.ch / jobscout24.ch | GmbH-Rechtsform und Pensumsfenster 50-100% deuten auf kleines, inhabergeführtes Büro - unsere Kernzielgruppe (kurze Entscheidungswege, Inhaber entscheidet selbst, spuerbarer Schmerz). Zug ist Prio 2, ca. 30 Min ab Luzern.
75;70;5;;FINQUEST Finanz AG;Geuensee;6232;LU;übrige Zentralschweiz;Mandatsleiter Treuhand;80-100%;2;;;;;nein;treuhand-job.ch;https://treuhand-job.ch/region-luzern;;;;;indiziert;Weitere offene Stellen: Mandatsleiter Treuhand 80-100% | Schaeracher 5, 6232 Geuensee (Kanton LU, Nahe Sursee). Schwestergesellschaft FINQUEST Treuhand AG, St. Wendelin 3, 6343 Rotkreuz (ZG) mit Zweigniederlassung Geuensee - ein zweites Mandatsleiter-Inserat wurde für Rotkreuz gesichtet. Tätigkeit: Versicherungs-, Finanz- und Treuhandberatung.
75;70;5;;Fuhrer Treuhand AG;Stans;6370;NW;übrige Zentralschweiz;Treuhänder:in / Mandatsleiter:in Treuhand;60-100%;3;6;nein;;;nein;jobscout24.ch;https://www.jobscout24.ch/en/jobs-in-nidwalden/treuhand/;;;;;indiziert;"Weitere offene Stellen: Sachbearbeiter/in Treuhand 40-100%; Jobs-Seite vorhanden - offene Stelle nicht belegt | Auch gefunden auf: Firmen-Website (Suchtreffer), jobs.ch | Stans, ca. 20 Min ab Luzern. Sehr breites Pensumsfenster 60-100% und Doppeltitel Treuhänder/Mandatsleiter = die Rolle ist noch nicht scharf definiert, sie suchen einfach Kapazität. Gutes Zeichen für unser Angebot."
75;70;5;;Kaiser Odermatt & Partner;Zug;;ZG;übrige Zentralschweiz;Sachbearbeiter*in Treuhand & Rechnungswesen 60-100%;60-100%;2;;;Fuehrende Kanzlei mit über 20 Berufstraegern, Standorte Zug, Luzern, Zürich;;nein;adzuna.ch;https://www.adzuna.ch/details/5637921004;;;;;indiziert;Weitere offene Stellen: Sachbearbeiter*in Treuhand & Rechnungswesen | Auch gefunden auf: Adzuna (Detailseite) | PRIO 2 (mit Luzern-Standort auch für Prio 1 relevant). Aufgaben laut Snippet: Kundenbetreuung in Buchhaltung, MWST, Jahresabschlüsse und Steuererklärungen. Anwaltskanzlei mit angehaengter Treuhandabteilung - dort ist Buchhaltung meist NICHT das Kerngeschäft und entsprechend wenig automatisiert. Sehr guter Pitch: 'Ihr Treuhand-Backoffice soll die Juristen nicht bremsen'.
75;70;5;;Treuhand- und Revisionsgesellschaft Mattig-Suter und Partner;Schwyz;6430;SZ;übrige Zentralschweiz;Mandatsleiter/-in Steuern 80-100%;80-100%;4;;;Etablierte Treuhand- und Revisionsgesellschaft mit mehreren Standorten in SZ/UR/GR;;nein;jobscout24.ch;https://www.jobscout24.ch/de/jobs-in-nidwalden/treuhand-sachbearbeiter/;https://www.mattig.ch;;;;indiziert;"Weitere offene Stellen: Assistent/-in Wirtschaftspruefung 80-100%; mehrere Treuhand-Stellen an mehreren Standorten (Titel nicht einzeln belegt); Hinweis auf Stellen - nicht sauber belegt | Auch gefunden auf: JobScout24, JobScout24 (Suchtreffer-Snippet, mehrdeutig), zentralschweiz-jobs.ch | Grosses Zentralschweizer Treuhaus mit Standorten Schwyz, Pfaeffikon SZ, Zug und weiteren. Snippet nennt 'Oeffnungen über mehrere Standorte', aber keine konkreten Stellentitel - daher nur unsicher. Lohnt gezielte Nachrecherche auf der eigenen Karriereseite, weil Mehrstandort-Haeuser unsere besten Deals sind (ein Prozess, viele Standorte)."
74;66;8;;Bugs Steuer- und Unternehmensberatung AG;Luzern;6003;LU;Luzern Stadt und Agglo;Treuhand-/Rechnungswesen-Stelle (Inserat im jooble-Kontext genannt, Titel nicht sauber belegt);;1;6;nein;"Kleines Büro, gegründet 2016, UID CHE-134.277.965; Zusatzstandorte Hergiswil NW (Grossmatte 6) und Sarnen (Marktstrasse 7a)";;nein;jooble.ch;https://www.treuhandsuisse.ch/directory/bugs-steuer-und-unternehmensberatung-ag;https://bugssteuern.ch;"Zentralstrasse 44, 6003 Luzern; Entscheider laut Registerdaten: Thomas Bugs (VR), Markus Hofstetter, Patricia Banz";;;unsicher;"PRIO 1, aber OFFENE STELLE NICHT BESTAETIGT. Die Firma wurde in einer jooble-Ergebniszusammenfassung als 'etabliertes Treuhand- und Steuerberatungsunternehmen im Herzen von Luzern' im Umfeld von Sachbearbeiter-Treuhand-Inseraten genannt; ich konnte das konkrete Inserat NICHT isolieren. Firmen- und Adressdaten dagegen sind über mehrere unabhängige Register belegt. Vor Ansprache kurz auf bugssteuern.ch/Jobs pruefen. Kleines Büro mit drei Standorten (LU/NW/OW) - Mehrstandort-Koordination ist ein guter Automatisierungs-Aufhaenger."
74;69;5;;ROCKEN AG;Zug;6300;ZG;übrige Zentralschweiz;"Sachbearbeiter Treuhand in Zug (m/w/d) - mehrere parallele Inserate; Sachbearbeiter/in Treuhand Luzern";80-100%;6;;;6067 offene Stellen gesamt;Abacus / Sage / bexio;ja;rocken.jobs;https://rocken.jobs/jobs/finanzen/sachbearbeiterin-treuhand-mwd-256776/;https://rocken.jobs;;;;indiziert;"Weitere offene Stellen: Sachbearbeiter Treuhand (m/w/d) 80-100% / Mandatsleiter*in Treuhand (m/w/d); Sachbearbeiter Treuhand in Luzern (m/w/d); zusätzlich Sachbearbeiter*in Treuhand Luzern 60-100% - Endkunde nicht genannt; Sachbearbeiter Treuhand in Zug (m/w/d) - Endkunde nicht genannt; Mandatsleiter Treuhand (m/w/d); Sachbearbeiter:in Treuhand (80% Pensum) (m/w/d) | Auch gefunden auf: LinkedIn Jobs, jobup.ch, rocken.jobs | BESTE VERMITTLER-QUELLE FÜR DAS SOFTWARE-MUSTER: Inserate nennen den Stack explizit ('Sage, Bexio oder Abacus') sowie die Tätigkeiten (Lohnbuchhaltung, Steuererklärungen, Belegverarbeitung) - das ist unsere Automatisierungs-Landkarte in Klartext. Luzern-Inserat beschreibt den Endkunden als 'modernes, wachstumsorientiertes Treuhandunternehmen, junges Team' = identifizierbar. Endkunde nicht namentlich genannt."
74;69;5;;Universal-Job AG;Zug;6003;ZG;übrige Zentralschweiz;"Sachbearbeiter Treuhandwesen 80-100% (Region Zug); Senior Sachbearbeiter Treuhand 80-100%";80-100%;6;;;370 Jobs auf zentralschweiz-jobs.ch, 127 auf buchhalter-jobs.ch;Abacus / Banana / bexio;ja;jobscout24.ch;https://zentralschweiz-jobs.ch/company/universal-job-ag/3268716554;https://www.universal-job.ch;;;0697145745;indiziert;"Weitere offene Stellen: Sachbearbeiter/in Treuhand (für Kundenfirma); Engagierter Sachbearbeiter Treuhand m/w 80-100% (Zug) / Sachbearbeiter Treuhand 80-100% (Luzern) / Mitarbeiter im Treuhand-Buchhaltung 80-100%; Sachbearbeiter Treuhand 80-100% (m/w/d) / Sachbearbeiter/in Treuhand 60-100%; Sachbearbeiter /Treuhand 100% (m/w/d) sowie Sachbearbeiter/in Treuhand und/oder Buchhaltung; Sachbearbeiter/in Treuhand 60-100% - Endkunde nicht genannt | Auch gefunden auf: Indeed + jooble.ch + talent.com, JobScout24, jobs.ch, jobscout24.ch, jobscout24.ch / myjob.ch | VERMITTLER, aber das INHALTLICH wertvollste Inserat: Endkunde ist laut Snippet ein 'etabliertes Treuhandunternehmen in der Region Luzern' mit Buchhaltung, Lohn und Steuerberatung, und arbeitet mit ABACUS inkl. Lohnbuchhaltung. Dieselbe Stelle läuft parallel auf jooble (jdp/7262895979610666380, rjdp/6599406971457456482) und talent.com "
72;64;8;;Findea AG;Luzern;;LU;Luzern Stadt und Agglo;Sachbearbeiter/in Treuhand;80-100%;1;;;Treuhandgesellschaft mit mehreren Schweizer Standorten, stark digital/online positioniert;;nein;jobscout24.ch;https://www.jobscout24.ch/en/jobs-in-lucerne/sachbearbeiter%20treuhand/;https://www.findea.ch;;;;indiziert;PRIO 1. Aus JobScout24-Zusammenfassung: 'Positionen bei 80-100% mit Unternehmen wie Balmer-Etienne AG und Findea AG in Luzern'. Findea ist bereits digital affin - Pitch eher 'noch mehr automatisieren / Skalierung ohne Kopf' statt Grundsatz-Digitalisierung.
72;64;8;;Findea AG / Startups.ch;Luzern;6003;LU;Luzern Stadt und Agglo;Junior Mandatsleiter/in Treuhand 80-100%;80-100%;1;;;Digital-Treuhänder, Schwesterfirma von Startups.ch;;nein;jobs.ch;https://www.jobs.ch/de/stellenangebote/?region=15&term=fachmann%20finanz-%20und%20rechnungswesen;https://www.findea.ch;;;;indiziert;HOHE PRIORITAET Luzern Stadt. Bereits digital positioniert - versteht den Automatisierungs-Value sofort, koennte aber auch Wettbewerber-naehe haben. 'Junior' = will guenstig skalieren, genau unser Argument.
72;64;8;;SABA-Treuhand Horw GmbH;Horw;6048;LU;Luzern Stadt und Agglo;Sachbearbeiter Treuhand 80-100%;80-100%;1;;;GmbH, Ortsname im Firmennamen - sehr kleines lokales Büro;;nein;jobscout24.ch;https://www.jobscout24.ch/en/jobs-in-lucerne/sachbearbeiter%20treuhand/;;;;;indiziert;HOHE PRIORITAET Agglo Luzern (Horw). Kleines Büro: Entscheidungsweg kurz, Inhaber direkt ansprechbar. Ideales Profil für Flusswerk.
72;64;8;;thingk ag;Luzern;6003;LU;Luzern Stadt und Agglo;Sachbearbeiter Treuhand 60-100%;60-100%;1;6;nein;Kleiner, digital klingender Name - vermutlich junges/kleines Treuhandbüro;;nein;jobscout24.ch;https://www.jobscout24.ch/de/jobs-in-luzern/sachbearbeiter%20treuhand/;;;;;indiziert;HOHE PRIORITAET Luzern Stadt. Name deutet auf Digital-Affinitaet - gute Chancen für Automatisierungs-Pitch. Auch in der Nidwalden-Trefferliste von jobscout24 aufgetaucht.
72;64;8;;Treuhand Willimann AG;Luzern;6004;LU;Luzern Stadt und Agglo;Sachbearbeiter/-in Treuhand + Mandatsleiter/-in Treuhand + Senior Mandatsleiter/-in Treuhand (3 parallele Inserate);"nicht durchgaengig sichtbar; Mandatsleiter Vollzeit";1;;;;;nein;treuhand-job.ch;https://treuhand-job.ch/region-luzern;https://treuhand-willimann.ch/;;;;indiziert;Auch gefunden auf: treuhand-willimann.ch | STAERKSTES SIGNAL DER GANZEN LISTE. Drei offene Stellen gleichzeitig über die ganze Senioritaetsleiter (SB, Mandatsleiter, Senior Mandatsleiter) = die Firma verliert/braucht Kapazität auf allen Ebenen und findet niemanden. Zudem Luzern Stadt, also persönlicher Besuch möglich. Direktes Inserat der Firma, kein Vermittler. Einstieg: 'Sie suchen seit Monaten auf drei Ebenen gleichzeitig - was, wenn ein Teil der Arbeit gar keinen Kopf mehr braucht?' Profil-URL: https://www.professional.ch/jobs/inserat/2468354-stellenbeschrieb-mandatsleiter-in-treuhand
72;64;8;;Vertax Group CH GmbH;Luzern;6003;LU;Luzern Stadt und Agglo;Sachbearbeiter Treuhand;60-100%;1;6;nein;Kleine GmbH -> wahrscheinlich Kleinbüro, sehr gute Zielgrösse.;;nein;jobs.ch;https://www.jobs.ch/de/stellenangebote/?location=luzern&term=sachbearbeiter+treuhand;;;;;indiziert;Prio-Region 1. Breites Pensum 60-100% = sie nehmen, was sie kriegen koennen -> hoher Leidensdruck. Kleine GmbH heisst: Entscheider ist Inhaber, kurzer Verkaufsweg. Direkte Inserats-URL nicht belegt, Trefferliste verlinkt.
71;66;5;;Schick Personal GmbH;Zug;;ZG;übrige Zentralschweiz;Treuhänder / Buchhalter als Abacus Projektleiter / Abacus Berater (a);nicht sichtbar;2;;;22 offene Treuhand-Mandate;Abacus;ja;treuhand-job.ch;https://treuhand-job.ch/company/schick-personal-gmbh/3268715150;;;;;indiziert;Weitere offene Stellen: Treuhänder / Buchhalter als Abacus Projektleiter / Abacus Berater (a), Hybrid | Auch gefunden auf: Jooble, jooble.ch | VERMITTLER mit 22 Treuhand-Inseraten auf treuhand-job.ch. Diese eine Stelle ist strategisch aufschlussreich: ein Zuger Treuhänder sucht einen ABACUS-PROJEKTLEITER, will also aktiv Abacus-Prozesse ausbauen - Budget und Digitalisierungswille sind vorhanden, es fehlt nur der Kopf. Exakt unser Angebot als Alternative. Firmenprofil-Seite listet alle 22 Mandate und ist damit ein guter Sammelpunkt für weitere Endkundennamen.
69;64;5;;Pilatus Consulting Treuhand AG;Hergiswil;;NW;übrige Zentralschweiz;Sachbearbeiter/in Treuhand;80-100%;1;;;;;nein;jobscout24.ch;https://www.jobscout24.ch/de/jobs-in-nidwalden/treuhand-sachbearbeiter/;;;;;indiziert;Hergiswil NW liegt ca. 15 Min ab Luzern - faktisch noch Agglo, persönlicher Besuch problemlos. Zaehlt für uns fast wie Prio 1. Kleineres Büro in Steueroase-Kanton mit vielen juristischen Mandaten.
69;64;5;;Tre Innova Treuhand AG / Hagmann Treuhand AG / CRC Treuhand AG / OFFICE ZUG AG / Consultive Treuhand AG / B+A Treuhand AG / Fellmann Treuhand AG / Huwiler & Partner Treuhand AG;;;ZG;übrige Zentralschweiz;keine konkrete offene Stelle belegt - nur Firmen-/Arbeitgeberprofile;;1;15;nein;OFFICE ZUG AG: Standorte Zug, Zürich, Schaffhausen. Hagmann Treuhand AG: mittelgrosse Revisionsfirma Bern;;nein;jobwinner.ch;https://jobwinner.ch/de/jobs?tag=662;;;;;unsicher;SAMMELEINTRAG - bewusst NICHT als Einzel-Leads geführt. Bei diesen Firmen sind mir nur Arbeitgeber-/Firmensuchseiten begegnet, KEIN belegtes offenes Sachbearbeiter-Inserat. Fellmann Treuhand AG (https://www.zentraljob.ch/firma/fellmann-treuhand-ag/6829), Huwiler & Partner Treuhand AG (.../4761) und B+A Treuhand AG (.../6551) sitzen in Luzern = Prio 1 und lohnen eine manuelle Pruefung der Karriereseite.
69;64;5;;TREUFiN Reuter AG;Schindellegi;8834;SZ;übrige Zentralschweiz;"Leiter/in Treuhand/Steuern; Mandatsleiter:in Treuhand (80-100%)";80-100%;1;;;;;nein;jooble.ch;https://ch.jooble.org/rjdp/7514185891051619255;;;;;indiziert;Prio-2-Region (Schwyz). Inserattext 'zur Verstärkung ihres Teams eine engagierte und erfahrene Mandatsleiter:in' = sucht Senior, das ist der teuerste und am schwersten zu findende Profiltyp. Starkes Argument für Automatisierung.
68;68;;;NC Consulting GmbH;;;;übrige Deutschschweiz;Treuhand Sachbearbeiter (Teilzeit);Teilzeit;1;;;;;nein;LinkedIn;https://www.linkedin.com/company/ncconsulting/;;personal@ncconsulting.ch;personal@ncconsulting.ch;;unsicher;Nur über LinkedIn-Snippet aufgetaucht. Standort/Kanton NICHT belegt, daher vor Ansprache verifizieren. E-Mail personal@ncconsulting.ch stammt aus dem Snippet. Beispiel dafür, dass LinkedIn Stellen zeigt, die auf den Jobboards fehlen.
68;60;8;;PIUS Consulting;Luzern;;LU;Luzern Stadt und Agglo;Sachbearbeiter/in Treuhand;80-100%;1;;;;Abacus;ja;;https://ch.trabajo.org/stellenangebot-2889-b1bad2aff707fce9d1bd3e88520cde87;;;;;indiziert;VERMITTLER. Snippet: 'hilft, das Sachbearbeiter-Treuhand-Team in der Region Luzern auszubauen', selbständige Führung von Kundenbuchhaltungen, Abschlüsse, Steuererklärungen, Treuhandsoftware idealerweise Abacus. Endkunde anonym, aber Region Luzern + Teamausbau bestätigt.
68;60;8;;PMS Schoenenberger (Personalberatung);Luzern;;LU;Luzern Stadt und Agglo;Senior Consultant Abacus - Finanzen & Treuhand / Finanzen & Lohnbuchhaltung;80-100%;1;;;Kunde sucht laut Snippet gleich ZWEI Personen, Schwerpunkt Standort Luzern.;Abacus;ja;;https://www.pms-schoenenberger.com/senior-consultant-abacus-finanzen-treuhand-finanzen-lohnbuchhaltung-80100-ref-3919;;;;;indiziert;VERMITTLER. Wichtig als Signal: Abacus-Beratungskapazität in Luzern ist knapp. Wenn selbst Abacus-Berater fehlen, ist Automatisierung statt Kopf das direkte Gegenangebot. Potenzieller PARTNER-Kanal für Flusswerk statt Kunde.
67;62;5;;Digitales Treuhandbüro Hochdorf (Name nicht belegt);Hochdorf;6280;LU;übrige Zentralschweiz;Digitale/r Sachbearbeiter:in Treuhand;;1;;;;;nein;jobs.ch;https://www.jobs.ch/de/stellenangebote/?region=15&term=sachbearbeiter+treuhand;;;;;unsicher;FIRMENNAME NICHT BELEGT. Möglicherweise Gewerbe-Treuhand AG (die hat einen Standort Hochdorf), aber nicht bestätigt. Stellentitel 'digital' ist inhaltlich hochinteressant für Flusswerk - vor Ansprache identifizieren.
67;62;5;;MA-LOU-AN Solutions GmbH;;;LU;übrige Zentralschweiz;Mandatsleiter/in Treuhand;50-100%;1;;;GmbH, vermutlich klein;;nein;jobagent.ch;https://www.jobagent.ch/sachbearbeiter-rechnungswesen;;;;;unsicher;Ort NICHT belegt - Kantonszuordnung LU ist eine Annahme aus dem Suchkontext und muss vor Ansprache geprueft werden. Kleiner Anbieter, Mandatsleiter-Suche bei 50-100%. Nur aufnehmen, wenn Standort bestätigt.
67;62;5;;Treuhandbüro Brunnen (Name nicht belegt);Brunnen;6440;SZ;übrige Zentralschweiz;Sachbearbeiter/-in Treuhand (60-100%);60-100%;1;6;nein;Kleines Treuhandbüro (Unterstuetzung in Finanz-, Personal- und Steuerfragen);;nein;jobscout24.ch;https://www.jobscout24.ch/de/jobs-in-schwyz/sachbearbeiterin/;;;;;unsicher;FIRMENNAME NICHT BELEGT - das Snippet nennt nur 'ein Treuhandbüro in Brunnen'. Nicht anschreiben ohne vorherige Identifikation über die Trefferliste. Als Hinweis aufgenommen, damit die Stelle nicht verloren geht.
66;58;8;;Adecco;Luzern;;LU;Luzern Stadt und Agglo;Sachbearbeiter Treuhand (m/w/d) 80-100%;80-100%;3;;;Kunde laut Inseratstext: Treuhandbüro mit Standorten Luzern UND Baar, nationale und internationale Kunden.;;ja;adecco.ch;https://www.adecco.com/de-ch/jobsuche/sachbearbeiter-treuhand-80100-mwd--luzern-luzern-kanton-luzern/9286395;https://www.adecco.com;;;;indiziert;"Weitere offene Stellen: Sachbearbeiter Treuhand D/E (m/w/d); Sachbearbeiter Treuhand & Finanzen (w/m/d) 60-80% / Sachbearbeiter/in Treuhand 80-100% / Leiter Treuhand GL-Mitglied 80-100% | Auch gefunden auf: Adecco / Adzuna, Adzuna + jooble.ch | VERMITTLER - Endkunde verdeckt, aber sehr aufschlussreich. Adecco sucht für Luzerner Treuhandkunden gleichzeitig Sachbearbeiter (60-80%), Sachbearbeiter (80-100%, jooble jdp/-2219233591453981016) UND einen Leiter Treuhand / GL-Mitglied (adzuna /details/5697315898). Aufgabenliste im Inserat ist der perfekte Automatisierungs-Katalog: Debitoren inkl. Mahnwesen, Kreditoren inkl. Zahlungslauf, MWST-Abrechnungen, Lohnlauf inkl. Sozialversicherungen, Steuererklärungen. Wenn ein Treuhänder sogar die Führungsstelle über einen Vermittler sucht, ist der Schmerz gross. Endkunde ggf. per Anruf bei Adecco Luzern oder über Textabgleich mit Firmen-Karrieres"
66;58;8;;Camenzind Human Resources GmbH;Kriens;6010;LU;Luzern Stadt und Agglo;"Mitarbeiter/in Treuhand (Voll- oder Teilzeit) 60-100%; Sachbearbeiter/in Treuhand 40-60%";40-100%;5;;;Personalvermittler;;ja;;https://www.camenzind-hr.ch/offene-stellen;https://www.camenzind-hr.ch;;;;indiziert;"Weitere offene Stellen: Sachbearbeiter Treuhand (auch Treuhand-Lehrabgaenger) 100% / Treuhand Sachbearbeiter (m/w) 60-100%; Treuhand Sachbearbeiter (60-100%) und Sachbearbeiter Finanzbuchhaltung (80-100%); Mitarbeiter/in Treuhand 60-100% (Kriens) / Sachbearbeiter Treuhand (m/w) 100% (Sursee); Treuhand Sachbearbeiter (m/w) 60-100% bzw. 100%, auch ab Treuhand-KV | Auch gefunden auf: JobScout24 / camenzind-hr.ch, jobs.ch, jobs.ch / jobagent.ch | VERMITTLER - Endkunde anonymisiert. Trotzdem wertvoll: sehr frisches Inserat (gestern) für Region Luzern/Zug. Dahinter steckt ein echtes Treuhandbüro, das so verzweifelt sucht, dass es einen Vermittler bezahlt = besonders starkes Kaufsignal. Recherche-Trick: Inseratstext woertlich googeln, oft findet man das Originalinserat der Firma."
66;64;2;;Dr.Meyer Treuhand AG;;;ZH;Nachbarkantone;Sachbearbeiter:in Treuhand 60-100%;60-100%;1;;;Inhabergeführtes Büro;;nein;jobs.ch;https://www.jobs.ch/de/stellenangebote/detail/27000bd5-4905-48ea-afae-ca0dd554b93e/;;;;;indiziert;PRIORITAET 3/4 - Ort nicht belegt, Kanton geschaetzt. Direkt-URL vorhanden.
66;58;8;;Joerg Lienert AG;Luzern;;LU;Luzern Stadt und Agglo;Mitarbeiter:in / Sachbearbeiter:in Accounting - Treuhand;50-100%;2;;;;;ja;zentraljob.ch;https://www.zentraljob.ch/job/mitarbeiterin-sachbearbeiterin-accounting-treuhand/192729;https://www.joerg-lienert.ch;;;;indiziert;Weitere offene Stellen: Mitarbeiter:in / Sachbearbeiter:in Accounting - Treuhand - Endkunde nicht genannt | VERMITTLER (bekannte Luzerner Personalberatung) - der Endkunde ist anonymisiert. Inserat beschreibt Unterstuetzung des CFO bei Finanzbuchhaltung nationaler und internationaler Mandate, Debi/Kredi inkl. Zahllaeufe, Monats-/Quartals-/Jahresabschlüsse, MWST, Steuererklärungen. Zweideutig: koennte auch eine Eigenstelle von Joerg Lienert sein. Wert für uns: Joerg Lienert selber als Multiplikator ansprechen - sie wissen genau, welche Luzerner Treuhänder seit Monaten erfolglos suchen.
66;64;2;;Mehr-Treuhand AG;;;ZH;Nachbarkantone;Payroll SpezialistIn / SachbearbeiterIn Buchhaltung/Treuhand (ca. 50%);ca. 50%;1;6;nein;Kleinbüro, sucht nur 50% - typisch für Lohnlauf-Spitzen;;nein;jobs.ch;https://www.jobs.ch/de/stellenangebote/detail/3de96c0b-20f6-48b1-95f6-d2cc944e88d5/;;;;;indiziert;PRIORITAET 3/4, Ort nicht belegt. INHALTLICH SEHR PASSEND: reine Payroll-Teilzeitstelle = genau die Arbeit, die Flusswerk automatisieren kann statt einen Kopf einzustellen. Starkes Pitch-Beispiel.
66;58;8;;Schoepfer AG;Luzern;;LU;Luzern Stadt und Agglo;Treuhand SachbearbeiterIN D/E, TreuhandsachbearbeiterIN auch ab Treuhand-KV, Mandatsleiter/in Treuhand (Senior/Junior);;3;;;Personalvermittler mit 40 Jahren Erfahrung, spezialisiert auf Rechnungswesen, Revision/Steuern und Finanzen;;ja;jooble.ch;https://ch.jooble.org/jdp/6922675037265857402;;;;0372658574;indiziert;"Weitere offene Stellen: Senior Sachbearbeiter Treuhand; Treuhandsachbearbeiter/in als Junior Mandatsleiter/in Treuhand (Festanstellung) | Auch gefunden auf: jobs.ch, jooble.org/ch | VERMITTLER (wichtig: NICHT das Treuhandbüro selbst - der Name klingt taeuschend nach einem). Mindestens vier parallele Treuhand-Mandate in der Zentralschweiz: jdp/6922675037265857402, jdp/-330723772383830612, jdp/-4455995680804152486, rjdp/6865179150473964441. STRATEGISCHER TIPP: Schoepfer AG kennt als Treuhand-Spezialist praktisch jedes suchende Büro der Region. Statt als Konkurrenz zu denken - möglicher Multiplikator/Empfehlungspartner für Flusswerk."
66;64;2;;Stucki & Co. Treuhand und Schulungen;;;BE;Nachbarkantone;Sachbearbeiter/in Treuhand Teilzeit (40%-100%);40-100%;1;6;nein;Kleinbüro mit Schulungsgeschäft;;nein;jobs.ch;https://www.jobs.ch/de/stellenangebote/detail/a0b50a09-31f5-4920-a1ca-227d077d712e/;;;;;indiziert;PRIORITAET 3/4 - Ort aus dem Snippet nicht bestimmbar, Kanton geschaetzt. Vor Mailing Ort verifizieren. Pensum 40-100% offen = flexibler Notbedarf.
66;58;8;;Wetzel Personalberatung AG;Luzern;6300;LU;Luzern Stadt und Agglo;Leiter*in Treuhand für die neue Niederlassung (Ref. 6826L);80-100%;3;;;neue Niederlassung im Aufbau;;ja;treuhand-job.ch;https://treuhand-job.ch/region-luzern;;;;;indiziert;"Weitere offene Stellen: Mandatsleiter*in Treuhand mit Führungsperspektive 80-100%; Junior Treuhand / Sachbearbeiter (m/w/d) mit Entwicklungspotenzial | Auch gefunden auf: JobScout24, jobs.ch | VERMITTLER, Endkunde anonym. Aber inhaltlich sehr interessant: gesucht wird eine Leitung für eine NEUE NIEDERLASSUNG in Luzern. Das heisst, ein Treuhänder expandiert nach Luzern und baut ein Team von null auf - der beste Moment überhaupt, um Prozesse und Automatisierung zu setzen, weil noch keine Altlasten bestehen. Referenz 6826L bei Wetzel erfragen oder über Expansionsmeldungen im Handelsregister (Zefix Tagesregister) identifizieren."
64;64;;;Schenker & Partner AG;;;;übrige Deutschschweiz;SachbearbeiterIn Treuhand;;1;;;;;nein;jobagent.ch;https://www.jobagent.ch/job/sachbearbeiterin-treuhand-schenker-partner-ag/324d724b37;;;;;indiziert;Firmenname steht im jobagent-Treffer-Titel. Ort nicht aus dem Titel ersichtlich - Region vor Ansprache pruefen (Schenker & Partner gibt es u.a. in Basel).
63;58;5;;Impuls Personal AG;Zug;;ZG;übrige Zentralschweiz;Treuhand Sachbearbeiter 50-100%;50-100%;2;;;Personaldienstleister;;ja;jobs.ch;https://www.jobs.ch/en/vacancies/?location=zug&term=sachbearbeiter%20treuhand;https://www.impuls.jobs;;;;indiziert;Weitere offene Stellen: diverse Treuhand-/Rechnungswesen-Mandate | Auch gefunden auf: impulspersonal.ch | VERMITTLER Zug. Stellenliste mit Regionsparameter r=5 (Zug) - leicht monitorbare URL-Struktur. Konkrete Treuhand-Titel nicht belegt, daher unsicher. Als regionale Sammelquelle für Zuger Endkunden brauchbar.
63;58;5;;Joker Personal AG;;;LU;übrige Zentralschweiz;Sachbearbeiter/in Treuhand 70-100%;70-100%;2;;;Personaldienstleister, Region Zentralschweiz;;ja;jobscout24.ch;https://www.jobscout24.ch/de/jobs-in-nidwalden/treuhand-sachbearbeiter/;https://www.joker.ch;;;;indiziert;Weitere offene Stellen: Sachbearbeiter/in Treuhand | Auch gefunden auf: JobScout24 | VERMITTLER. Laut JobScout24-Zusammenfassung MEHRERE parallele Sachbearbeiter-Treuhand-Positionen in der Zentralschweiz - also mehrere suchende Treuhandbüros als Endkunden.
63;58;5;;Personal Sigma Sursee AG;Sursee;6210;LU;übrige Zentralschweiz;Mandatsleiter/in Treuhand 60-100% (Luzern) / Sachbearbeiter Treuhand 80-100% (Sursee);60-100%;2;;;Regionaler Personaldienstleister Sursee;;ja;jobs.ch;https://www.jobs.ch/de/stellenangebote/?location=luzern&term=sachbearbeiter+treuhand;https://www.personalsigma.ch;;;;indiziert;Weitere offene Stellen: Sachbearbeiter Payroll | Auch gefunden auf: offene-stellen.ch / jobagent.ch | VERMITTLER mit Sitz Sursee LU. Payroll-Mandat in Prio-1/2-Region. Regionaler Vermittler, gut ansprechbar als Multiplikator: er kennt die Luzerner Firmen, die Payroll-Kapazität suchen und nicht finden.
62;62;;;JWK Treuhand & Revisions AG;;;;übrige Deutschschweiz;Sachbearbeiter:in Treuhand 60-80%;60-80%;1;;;;;nein;LinkedIn;https://ch.linkedin.com/jobs/sachbearbeiter-in-treuhand-stellen-luzern;https://www.jwk.ch;;;;unsicher;NUR aus LinkedIn-Snippet-Fliesstext. Der einzige harte JWK-Treffer war ein Personenprofil, kein Stelleninserat. Inserat laut Snippet wirbt mit 'moderner Ausruestung, zentraler Lage'. Vor Ansprache auf www.jwk.ch/karriere selber verifizieren.
60;52;8;;Manpower;Luzern;;LU;Luzern Stadt und Agglo;Sachbearbeiterin Treuhand temporaer (m/w);;1;;;;;ja;jooble.ch;https://ch.jooble.org/rjdp/-6617206233192274208;;;;;indiziert;VERMITTLER. TEMPORAER-Einsatz im Treuhand ist das stärkste Überlastungssignal überhaupt: der Endkunde braucht sofort Kapazität und zahlt Temporaer-Aufschlag. Sehr guter Zeitpunkt für einen Automatisierungs-Pitch, Endkunde aber verdeckt.
60;52;8;;progress personal ag;Luzern;;LU;Luzern Stadt und Agglo;"treuhänderin / sachbearbeiterin treuhand 60-100% (w/m/d); sachbearbeiterin treuhand 50-100% (m/w/d)";50-100%;1;;;Personaldienstleister, zwei parallele Treuhand-Mandate;;ja;jobup.ch;https://www.jobup.ch/en/jobs/detail/31a74679-99f4-429f-bd56-5e1f1b2ad7bc/;;;;;indiziert;VERMITTLER. Snippet: 'Im Raum Luzern sucht ein Treuhandunternehmen eine engagierte Sachbearbeiterin Treuhand 60-100%' - Endkunde anonymisiert, aber Region Luzern belegt. Aufgaben: Haupt- und Nebenbuchhaltungen, Lohnwesen, Jahresabschlüsse. Zweites Inserat: jobup detail/0a15b18e-b949-45fd-bc6c-8fe1207c2f3d/.
60;52;8;;Randstad;Luzern;;LU;Luzern Stadt und Agglo;Lohnbuchhalter;100%;1;;;;;ja;jobagent.ch;https://www.jobagent.ch/sachbearbeiter-rechnungswesen;https://www.randstad.ch;;;;indiziert;VERMITTLER, Grosskonzern. Endkunde anonym, Ort nur aus Suchkontext abgeleitet und nicht belegt. Nur als Marktbeleg für Payroll-Engpass fuehren.
60;52;8;;Sotra Agency GmbH;Luzern;;LU;Luzern Stadt und Agglo;Sachbearbeiter/in Treuhand mit Karrieremöglichkeit;80-100%;1;;;;;ja;jobs.ch;https://www.jobs.ch/de/stellenangebote/?location=luzern&term=sachbearbeiter+treuhand;;;;;indiziert;VERMITTLER. Lohnangabe im Inserat CHF 75'000-85'000/Jahr - nuetzlicher ROI-Anker für den Pitch: eine unbesetzte Sachbearbeiter-Stelle kostet voll geladen rund CHF 100k pro Jahr. Sechs Standorte gleichzeitig ausgeschrieben deutet auf Sammelinserat, nicht auf sechs echte Vakanzen.
60;52;8;;Univativ;Luzern;;LU;Luzern Stadt und Agglo;Sachbearbeiter Treuhand (m/w) 60-100%;60-100%;1;;;;;ja;;https://www.univativ.ch/jobboerse/sachbearbeiter-treuhand-mw-P202446908_1S;;;;;indiziert;VERMITTLER. Eigene Inserat-URL. Snippet: Stellenantritt per sofort oder nach Vereinbarung - also akuter Bedarf.
58;53;5;;b a treuhand ag;Cham;6330;ZG;übrige Zentralschweiz;Hinweis auf Stellen - nicht sauber belegt;;1;;;;;nein;jobscout24.ch;https://www.jobscout24.ch/en/jobs-in-cham/b%20a%20treuhand%20ag/;;;;;unsicher;"JobScout24 führt eine Firmen-Suchseite; die genannte Trefferzahl ist eine generische Portal-Zahl und KEIN Beleg für offene Stellen bei dieser Firma. Bewusst nur 'unsicher'. Prio-Region 2, Kleinbüro-Profil - manuell pruefen."
58;53;5;;CSC;Zug;;ZG;übrige Zentralschweiz;SachbearbeiterIn Treuhand / Fiduciary 80-100% (hybrid);80-100%;1;200;nein;Internationaler Corporate-Services-Konzern (vermutlich Corporation Service Company);;nein;themuse.com;https://themuse.com/jobs/csc/sachbearbeiterin-treuhand-fiduciary;;;;;indiziert;Firmenkuerzel 'CSC' im Treffer-Titel - Rechtstraeger nicht eindeutig belegt, vor Ansprache pruefen. Hybrid-Modell Mo-Fr. Internationaler Konzern in Zug = Prio 2, aber Entscheid faellt wahrscheinlich nicht lokal.
58;50;8;;glaus | personal;Luzern;;LU;Luzern Stadt und Agglo;Sachbearbeiter Treuhand;60-100%;1;;;;;ja;jobscout24.ch;https://www.jobscout24.ch/en/jobs-in-lucerne/sachbearbeiter%20treuhand/;;;;;unsicher;VERMITTLER. Nur als Name in einer JobScout24-Zusammenfassung aufgetaucht, ohne eigene Inserat-URL. Niedrige Priorität.
57;52;5;;Flexa Personal AG;Zug;;ZG;übrige Zentralschweiz;Mandatsleiter/-in Treuhand 80-100%;80-100%;1;;;Personaldienstleister;;ja;jobup.ch;https://www.jobup.ch/fr/emplois/detail/cce1813a-a9e0-4414-998e-c7a2d7092f48/;;;;;indiziert;VERMITTLER. Snippet beschreibt den Endkunden: 'junges Dienstleistungsunternehmen und Schwesterfirma eines renommierten Bauunternehmens im Kanton Zug, Sitz Stadt Zug, Dienstleistungen für KMU und Startups, die Supportaufgaben auslagern wollen'. Dieser Endkunde wäre ein idealer Flusswerk-Kunde (Outsourcing-Modell = skaliert nur mit Automatisierung), ist aber namentlich nicht belegt.
57;52;5;;job impuls ag;Zug;6300;ZG;übrige Zentralschweiz;Sachbearbeiter*in Rechnungswesen Treuhand 80-100%;80-100%;1;;;Personaldienstleister (Niederlassung Zürich, Mandat in Zug);;ja;jobscout24.ch;https://www.jobscout24.ch/de/jobs-in-zug/sachbearbeiter%20treuhand/;https://www.jobimpuls.ch;;;;indiziert;VERMITTLER, Endkunde anonymisiert.
57;52;5;;Persigo AG / Persigo Stans AG;Sursee;;LU;übrige Zentralschweiz;(Senior) Sachbearbeiterin Treuhand 60-80% (Sursee), Sachbearbeiterin Treuhand 40-100%, Sachbearbeiterin Finanz- & Rechnungswesen (Luzern);40-100%;1;;;;;ja;jobs.ch;https://www.persigo.ch/stelle-finden/stelle/XM6S22/;;;;0269335578;indiziert;VERMITTLER mit Zentralschweizer Fokus (Sursee, Luzern, Stans - genau Prio 1/2). Eigene Inserat-URL auf persigo.ch ist ohne Bot-Schutz abrufbar und nennt dem Menschen ggf. mehr zum Endkunden. Weitere Spur: jooble rjdp/-8693026933557854337.
57;52;5;;PERSONAL KOLIN AG;Steinhausen;6312;ZG;übrige Zentralschweiz;Sachbearbeiter Treuhand;60-100%;1;;;Personaldienstleister;;ja;jobscout24.ch;https://www.jobscout24.ch/de/jobs-in-zug/sachbearbeiter%20treuhand/;;;;;indiziert;VERMITTLER, Endkunde anonymisiert.
57;52;5;;Work Selection;Zug;;ZG;übrige Zentralschweiz;Sachbearbeiter Treuhand 60-100%;60-100%;1;;;Personaldienstleister;;ja;jobscout24.ch;https://www.jobscout24.ch/de/jobs-in-zug/sachbearbeiter%20treuhand/;;;;;indiziert;VERMITTLER, Endkunde anonymisiert.
56;51;5;;CSC (Corporation Service Company) Switzerland;Zug;;ZG;übrige Zentralschweiz;Sachbearbeiter/in Treuhand / Fiduciary 80-100% (hybrid);80-100%;1;200;nein;Internationaler Corporate-Services-Konzern;;nein;themuse.com;https://themuse.com/jobs/csc/sachbearbeiterin-treuhand-fiduciary;;;;;unsicher;Nur über Snippet auf einer US-Jobplattform belegt, Firmenzuordnung und Aktualitaet nicht geprueft. Kein lokales KMU - niedrige Priorität. Vor Aufnahme in die Kampagne verifizieren.
55;50;5;;Camenzind HR;;;ZG;übrige Zentralschweiz;diverse Treuhand-/Rechnungswesen-Stellen (Sammelseite);;1;;;;;ja;;https://www.camenzind-hr.ch/offene-stellen;https://www.camenzind-hr.ch;;;;unsicher;VERMITTLER mit regionalem Innerschweiz-Fokus. Als laufende Quelle abonnieren: ihre Kundenliste = Liste von Treuhandbüros mit Personalmangel. Seite in dieser Session nicht ladbar.
55;47;8;;Careerplus SA;Luzern;;LU;Luzern Stadt und Agglo;"Sachbearbeiter/in Treuhand 80-100% (Region Luzern); Treuhänder/in mit eidg. FA 80-100% (Region Luzern); Sachbearbeiter Treuhand 80-100% (Zug)";80-100%;3;200;nein;101 Jobs allein auf zentralschweiz-jobs.ch;;ja;jobscout24.ch;https://zentralschweiz-jobs.ch/company/careerplus-sa/32687a6866;https://www.careerplus.ch;;;;indiziert;"Weitere offene Stellen: Sachbearbeitung Treuhand; Sachbearbeiter Treuhand | Auch gefunden auf: JobScout24, jobup.ch | VERMITTLER, Spezialisierung Finance/Treuhand. Drei parallele Treuhand-Mandate Luzern/Zug = die Region brennt. Firmenprofilseite auf zentralschweiz-jobs.ch ist die beste Übersicht, weil regional gefiltert."
54;52;2;;Mooser & Partner AG Personalberatung;Rueti ZH;;ZH;Nachbarkantone;Engagierte TREUHAND-FACHPERSON für KMU-Betreuung (40-100%) (m/w/d);40-100%;1;;;;;ja;jobscout24.ch;https://www.jobscout24.ch/de/job/6ff92704-9e0a-4f71-a0bd-aa156efc3d5f/;;;;;indiziert;PRIO 3 (Mailing-Region ZH). VERMITTLER. Sehr breites Pensumsfenster 40-100% = der Endkunde nimmt praktisch jeden, den er kriegen kann. Endkunde ist ein KMU-Treuhänder im Raum Zuercher Oberland.
53;53;;;Fineac Treuhand AG;;;;übrige Deutschschweiz;Seite 'Offene Stellen' vorhanden - Inhalt nicht belegt;;1;;;;;nein;der Firmen-Website;https://www.fineac.ch/de/offene_stellen;https://www.fineac.ch;;;;unsicher;Tauchte bei der Suche Zug/Schwyz/Innerschweiz auf, Standort aber NICHT verifiziert - bewusst nicht geraten. Hat eine dedizierte 'Offene Stellen'-Seite, lohnt 10 Sekunden manuelle Pruefung.
46;38;8;;Livit AG;Luzern;6000;LU;Luzern Stadt und Agglo;KV-Lehrstelle Kaufmann/-frau EFZ Treuhand/Immobilien (keine Treuhand-Fachstelle);100%;1;200;nein;Grosser Immobilien-Dienstleister;;nein;yousty.ch;https://www.yousty.ch/de-CH/lehrstellen/profile/12727223-kaufmann-frau-kv-efz-treuhand-immobilien-luzern-lu-livit-ag;;;;;indiziert;RANDFALL: Immobilienbewirtschaftung, nicht klassisches Treuhandbüro. Der KV-Beruf heisst 'Treuhand/Immobilien', darum im Lehrstellen-Kanal mitgeschwemmt. Zeigt die Schwäche des yousty-Kanals: Treuhand und Immobilien sind dort nicht trennbar. Kein Ansprache-Lead.
39;31;8;;Alpinum Accounting AG;Luzern;;LU;Luzern Stadt und Agglo;;;0;;;bezeichnet sich als führender bexio-Treuhänder der Schweiz;bexio;nein;;https://alpinum-accounting.ch/bexio-treuhaender-schweiz/bexio-treuhaender-luzern/;https://alpinum-accounting.ch;;;;unsicher;KEIN Stellensignal. Eher Wettbewerber/Partner-Kandidat als Kunde: bereits stark automatisiert. Nützlich, weil die Seite selbst eine Liste von bexio-Treuhändern pro Region führt - als Verzeichnis-Abkürzung brauchbar.
39;34;5;;Die Buchhalterinnen;;;NW;übrige Zentralschweiz;;;0;15;nein;Kleines Team, KMU-Fokus;;nein;;https://die-buchhalterinnen.ch/;https://die-buchhalterinnen.ch/;;;;unsicher;PRIO 2. Treuhand für KMU in NW/OW: Buchhaltung, Steuern, Administration, Personalwesen, Firmengründung. Standort nicht belegt.
39;31;8;;Keller + Kaiser Treuhand;Luzern;6003;LU;Luzern Stadt und Agglo;;;0;;;;;nein;;https://www.kellertreuhand.ch/;https://www.kellertreuhand.ch/;+41 41 412 11 55 / info@kellertreuhand.ch;info@kellertreuhand.ch;+41 41 412 11 55;indiziert;PRIO 1 DIREKTBESUCH. Morgartenstrasse 3, 6003 Luzern. Leistungen: Buchhaltung, Steuern, PAYROLL, MWST, Firmengründung, kaufmaennische Prozesse für Private, Selbständige und KMU. Payroll steht explizit im Angebot - unser stärkster Automatisierungs-Case.
39;31;8;;Partner Treuhand AG Luzern;Luzern;6002;LU;Luzern Stadt und Agglo;;;0;;;;;nein;;https://www.partnertreuhand.ch/standorte/luzern/;https://www.partnertreuhand.ch/;041 227 37 37 / info.ptl@partnertreuhand.ch;info.ptl@partnertreuhand.ch;041 227 37 37;indiziert;PRIO 1 DIREKTBESUCH. Inseliquai 8, Postfach 3663, 6002 Luzern (direkt beim Bahnhof). Gruppe seit 1968, Standorte Luzern/Sursee/Hochdorf/Willisau. Am Standort Sursee läuft bereits eine Sachbearbeiter-Vakanz - guter Gesprächsaufhaenger auch am Hauptstandort.
39;31;8;;Trescor Treuhand AG;Luzern;6003;LU;Luzern Stadt und Agglo;;;0;;;;;nein;;https://trescor.ch/;https://trescor.ch/;041 210 09 09 / luzern@trescor.ch;luzern@trescor.ch;041 210 09 09;indiziert;Auch gefunden auf: trescortreuhand.ch | PRIO 1 DIREKTBESUCH. Waldstaetterstrasse 9, 6003 Luzern. Positionierung 'Treuhand für KMU'. E-Mail-Schema luzern@trescor.ch deutet auf mehrere Standorte. Nicht verwechseln mit der separaten Trescor Treuhand in Einsiedeln/Unteriberg SZ (trescortreuhand.ch).
37;29;8;;Loetscher Treuhand AG;Horw;6048;LU;Luzern Stadt und Agglo;;;0;;;;;nein;;https://www.loetscher-treuhand.ch/;https://www.loetscher-treuhand.ch/;041 340 37 39;;041 340 37 39;indiziert;PRIO 1 DIREKTBESUCH - UND NETZWERK-TUERoeFFNER. Schulhausstrasse 10, 6048 Horw. WICHTIG: exakt dieselbe Adresse wie die Geschäftsstelle der TREUHAND|SUISSE Sektion Zentralschweiz (Schulhausstrasse 10, 6048 Horw, 041 552 24 00), und im Sektionsvorstand sitzt Sandro Stalder aus Horw. Wer hier einen guten Eindruck macht, kommt potenziell an >250 Verbandsmitglieder. Leistungen: Steuern, Buchhaltung, Lohnbuchhaltung, Unternehmensberatung für Firmen, Selbständige und Private.
37;29;8;;Marty Treuhand AG;Luzern;6003;LU;Luzern Stadt und Agglo;;;0;;;;;nein;;https://www.marty-treuhand.ch/;https://www.marty-treuhand.ch/;+41 41 556 66 80;;+41 41 556 66 80;indiziert;PRIO 1 DIREKTBESUCH. Habsburgerstrasse 26, 6003 Luzern.
33;25;8;;ASTI TREUHAND AG;Kriens;6010;LU;Luzern Stadt und Agglo;;;0;;;;;nein;;https://www.local.ch/de/d/kriens/6010/steuerberatung/asti-treuhand-ag-1TPpj7-Gr-pO-NaNAv3vTg;;;;;indiziert;PRIO 1. Kriens 6010, Kategorie Steuerberatung. Strassenadresse und Website nicht belegt - local.ch-Eintrag oeffnen.
33;25;8;;Atlas Treuhand AG;Ebikon;6030;LU;Luzern Stadt und Agglo;;;0;;;;;nein;;https://www.treuhandvergleich.ch/treuhand-Atlas-Treuhand-AG-Ebikon-buchhaltung-4929.htm;;;;;indiziert;PRIO 1. Bahnhofstrasse 2, 6030 Ebikon. Schwerpunkt Buchhaltung.
33;25;8;;BESO Best Solution GmbH;Kriens;;LU;Luzern Stadt und Agglo;;;0;;;;;nein;;http://beso-treuhand.ch/;http://beso-treuhand.ch/;;;;indiziert;PRIO 1. Deckt Kriens, Horw und Luzern ab. Positioniert sich ausdruecklich über den PREIS ('guenstige Buchhaltung/Steuererklärung/Steuerberatung') - preissensitiv, d.h. Automatisierung ist direkter Margenhebel. Leistungen: Controlling, FiBu-Service, Lohnadministration, Buchhaltung, Jahresabschluss, Revision, Risikoanalyse.
33;25;8;;Leuchtenstadt Treuhand AG;Emmenbrücke;6020;LU;Luzern Stadt und Agglo;;;0;;;;;nein;;https://leuchtenstadt-treuhand.ch/;https://leuchtenstadt-treuhand.ch/;;;;indiziert;PRIO 1 DIREKTBESUCH. Seetalstrasse 11, 6020 Emmenbrücke. Massgeschneiderte Lösungen für Steuererklärungen, Buchhaltung und Liegenschaftsverwaltung. Slogan 'Das Unternehmen für Ihr Unternehmen' - KMU-fokussiert.
33;25;8;;Rontal Treuhand GmbH;Ebikon;;LU;Luzern Stadt und Agglo;;;0;;;Gegr. 2021 - sehr jung und klein;;nein;Moneyhouse;https://www.moneyhouse.ch/en/company/rontal-treuhand-gmbh-14003218991;;;;;indiziert;PRIO 1. Ebikon. Junge GmbH, wahrscheinlich 1-3 Personen. Junge Büros bauen ihre Prozesse noch auf - guter Zeitpunkt für Automatisierung statt Personalaufbau. Strassenadresse nicht belegt.
33;25;8;;Team Treuhand AG;Ebikon;6030;LU;Luzern Stadt und Agglo;;;0;;;;;nein;Moneyhouse;https://www.moneyhouse.ch/en/company/team-treuhand-ag-5193823561;;;;;indiziert;PRIO 1. Ebikon 6030. Kombination Treuhand + Liegenschafts- und Vermögensverwaltung + IT-Dienstleistungen. Weil sie selbst IT-Dienstleistungen anbieten: technisch anschlussfaehiges Gespräch, aber evtl. auch Wettbewerb um dieselbe Wertschoepfung. Möglicher Endkunde des anonymen Persigo-Inserats (Treuhand + Immobilien).
33;25;8;;Treuhandbüro Urs A. Müller;Emmenbrücke;6020;LU;Luzern Stadt und Agglo;;;0;;;Inhabergeführtes Einzelbüro (Name im Firmennamen);;nein;;https://treuhandmueller.ch/;https://treuhandmueller.ch/;;;;indiziert;PRIO 1 DIREKTBESUCH. Sonnenplatz 6, 6020 Emmenbrücke. Leistungen: Treuhand, Steuerberatung, Buchhaltung, Liegenschaftsverwaltung, Personaladministration, Firmengründung, MWST, Unternehmensberatung. Sehr kleines Büro - Nachfolge-/Kapazitätsthema wahrscheinlich.
33;25;8;;VATAR AG (vormals Toni Niederberger Treuhand AG);Luzern;6003;LU;Luzern Stadt und Agglo;;;0;;;Vier Standorte im Luzerner Agglomerationskern;;nein;;https://www.niederberger-treuhand.ch/;https://www.niederberger-treuhand.ch/;;;;indiziert;PRIO 1 DIREKTBESUCH. Waldstaetterstrasse 6, 6003 Luzern. Standorte Luzern, Kriens, Ebikon UND Emmenbrücke - vier Büros in der Agglo, d.h. Mehrstandort-Koordination = Automatisierungsbedarf. Leistungen: Treuhand, Steuern, Unternehmensberatung, Buchhaltung, Liegenschaftsverwaltung, Immobilien, Revision. Möglicher Endkunde des anonymen Persigo-Inserats (Treuhand + Immobilien, Stadt Luzern).
33;25;8;;VONGUNTEN Steuer- und Finanzberatung GmbH;Emmenbrücke;;LU;Luzern Stadt und Agglo;;;0;;;Laut Selbstbeschreibung 'kleines, inhabergeführtes Team';;nein;;https://www.steuernvg.ch/;https://www.steuernvg.ch/;;;;indiziert;PRIO 1. Kernkompetenz Steuern und Treuhand. Genaue Strassenadresse nicht belegt - vor Besuch pruefen.
31;23;8;;Fellmann Treuhand AG;Luzern;6003;LU;Luzern Stadt und Agglo;;;0;;;;;nein;zentraljob.ch;https://www.zentraljob.ch/firma/fellmann-treuhand-ag/6829;https://fellmanntreuhand.ch/;;;;unsicher;Firma hat ein Arbeitgeberprofil auf zentraljob.ch angelegt - das tun nur Firmen, die regelmässig rekrutieren. Aktuell aber KEIN Inserat belegt. Adresse Moosstrasse 2, 6003 Luzern (via search.ch). Als Warmkontakt für Prio-1-Begehung notieren, nicht als Kaufsignal zaehlen.
31;31;;;M. Hartmann Treuhand AG;;;;übrige Deutschschweiz;;;0;;;;Abacus;nein;;https://www.leaderdigital.ch/news/m-hartmann-treuhand-ag-etabliert-sich-als-abacus-partner-11466.html;;;;;unsicher;KEIN Stellensignal. Beispiel für den Kanal 'Branchen-News zu neuen Abacus-Partnerschaften' - solche Meldungen zeigen Firmen im Digitalisierungs-Modus. Standort vor Ansprache klären.
30;25;5;;AB Buchhaltung & Treuhand AG;Rotkreuz;;ZG;übrige Zentralschweiz;;;0;;;;;nein;buchhaltung.ch;https://www.ab-buchhaltung.ch/;https://www.ab-buchhaltung.ch/;;;;indiziert;PRIO 2. Rotkreuz/Zug. Treuhand, Buchhaltung, LOHNBUCHHALTUNG, Steuerberatung für Private, KMU und Startups.
30;25;5;;Adcoras AG;Rotkreuz;;ZG;übrige Zentralschweiz;;;0;;;;;nein;;https://www.adcoras.ch/de/treuhand;https://www.adcoras.ch/;;;;indiziert;PRIO 2. Treuhandbüro Kanton Zug mit Erfahrung in KMU, Immobilien und Family Office. Bietet laut Website 'flexible KMU-Buchhaltung mit Standardprozessen' - Standardisierung ist bereits Teil ihres Angebots, sehr anschlussfaehig.
30;25;5;;AGRO-Treuhand Sursee;Sursee;;LU;übrige Zentralschweiz;;;0;;;Branchenspezialist Landwirtschaft;;nein;;https://www.atsursee.ch/;https://www.atsursee.ch/;;;;indiziert;PRIO 2, aber inhaltlich SEHR interessant: spezialisiert auf Treuhand, Steuern und Beratung in der LANDWIRTSCHAFT. Das heisst sehr viele kleine, stark standardisierte und gleichartige Mandate (Betriebsbuchhaltungen, Steuererklärungen Landwirte) - der beste denkbare Automatisierungsfall. Buchhaltungs-Seite: https://www.atsursee.ch/de/dienstleistungen/buchhaltung.html
30;25;5;;Aktiv Treuhand AG;Sursee;;LU;übrige Zentralschweiz;;;0;;;;;nein;;https://www.aktiv-treuhand.ch/;https://www.aktiv-treuhand.ch/;;;;indiziert;PRIO 2. Partner für Buchhaltung, Steuern und Treuhand in der Region Sursee und Luzern. Strassenadresse nicht belegt.
30;25;5;;Caminada Treuhand AG Zug;Baar;6340;ZG;übrige Zentralschweiz;;;0;;;;;nein;buchhaltung.ch;https://www.caminada.com/;https://www.caminada.com/;;;;indiziert;PRIO 2. Baar 6340. Selbstbeschreibung 'zukunftsorientiertes Treuhandbüro'. Eintrag: https://www.buchhaltung.ch/de/Baar/Caminada+Treuhand+AG+Zug/136989/portrait.htm
30;25;5;;Consilio Treuhand & Revisions AG;Sarnen;;OW;übrige Zentralschweiz;;;0;;;;;nein;;https://www.consilio-treuhand.ch/;https://www.consilio-treuhand.ch/;;;;indiziert;PRIO 2. Sarnen OW. Beratung von Privaten und Unternehmen in Buchhaltung, Steuern, Betriebswirtschaft und Recht sowie Revisionen. Unternehmensseite: https://www.consilio-treuhand.ch/treuhand-unternehmen-obwalden
30;25;5;;FINQUEST Treuhand AG;Rotkreuz;6343;ZG;übrige Zentralschweiz;;;0;;;;;nein;Moneyhouse;https://www.moneyhouse.ch/en/company/finquest-treuhand-ag-11180475381;;;;;indiziert;PRIO 2. St. Wendelin 3, 6343 Rotkreuz, mit Zweigniederlassung Geuensee LU. Schwestergesellschaft der FINQUEST Finanz AG, die aktuell einen Mandatsleiter Treuhand 80-100% sucht - gemeinsamer Aufhaenger für beide Gesellschaften.
30;25;5;;GM Consulting;Sursee;;LU;übrige Zentralschweiz;;;0;;;;;nein;;https://gmconsulting.ch/treuhandbuero-sursee/;https://gmconsulting.ch/;;;;indiziert;PRIO 2. Treuhandbüro Sursee: Buchhaltung, Finanzwesen, Steuerberatung. Strassenadresse nicht belegt.
30;25;5;;iDEA Treuhand GmbH;Sursee;6210;LU;übrige Zentralschweiz;;;0;;;Selbstbeschreibung 'persönliches Treuhandbüro' - klein;;nein;buchhaltung.ch;https://www.buchhaltung.ch/de/Sursee/iDEA+Treuhand+GmbH/112684/portrait.htm;;;;;indiziert;PRIO 2. 6210 Sursee, Region Sursee/Zofingen. Schwerpunkt Jahresabschlüsse und Steuern.
30;25;5;;K. Bucher Immobilien Treuhand AG;Stans;;NW;übrige Zentralschweiz;;;0;;;Gegr. 2000;;nein;;https://www.kbucher.ch/;https://www.kbucher.ch/;;;;indiziert;PRIO 2. Stans NW. Schwerpunkt Immobilienbewirtschaftung, tätig in NW und OW. Strassenadresse nicht belegt.
30;25;5;;Kuenzi Treuhand AG;Zug;6300;ZG;übrige Zentralschweiz;;;0;;;Selbstbeschreibung 'jung und dynamisch';;nein;buchhaltung.ch;https://www.buchhaltung.ch/de/Zug/Kuenzi+Treuhand+AG/31644/portrait.htm;;;;;indiziert;PRIO 2. 6300 Zug. Leistungen: Firmengründungen, Buchführung, Jahresabschlüsse, MWST-Abrechnungen, LOHNBUCHHALTUNG. Junges Team + Lohnbuchhaltung = gute Ausgangslage.
30;25;5;;SN Treuhand & Beratung AG;Rotkreuz;6343;ZG;übrige Zentralschweiz;;;0;;;;;nein;Moneyhouse;https://www.moneyhouse.ch/de/company/sn-treuhand-beratung-ag-3927461641;;;;;indiziert;PRIO 2. Chaesimatt 9, 6343 Rotkreuz.
30;25;5;;Swiss Finanz & Treuhand AG;Risch;;ZG;übrige Zentralschweiz;;;0;;;Gegr. 2019 - jung;;nein;Moneyhouse;https://www.moneyhouse.ch/de/company/swiss-finanz-treuhand-ag-18852015551;;;;;indiziert;PRIO 2. Gemeinde Risch (Rotkreuz). Strassenadresse nicht belegt.
30;25;5;;Triana Treuhand AG;Zug;6300;ZG;übrige Zentralschweiz;;;0;;;;;nein;;https://triana-treuhand.ch/treuhaender-in-zug/;https://triana-treuhand.ch/;;;;indiziert;PRIO 2, hohe inhaltliche Passung: Bahnhofstrasse 29, 6300 Zug. Arbeitet laut eigener Darstellung VOLLSTAENDIG DIGITAL, mit persönlichen Terminen vor Ort. Betreut Stadt Zug, Baar und Cham.
30;25;5;;Tribeg Treuhand AG;Zug;;ZG;übrige Zentralschweiz;;;0;;;Vier Standorte im Kanton Zug;;nein;;https://www.tribeg-treuhand.ch/treuhand/;https://www.tribeg-treuhand.ch/;;;;indiziert;PRIO 2. Tätig in Zug, Neuheim, Menzingen und Walchwil. Expliziter KMU-Fokus. Mehrstandort-Struktur bei kleinem Kanton = Koordinationsaufwand.
28;23;5;;Agro Treuhand Schwyz GmbH;Schwyz;;SZ;übrige Zentralschweiz;;;0;;;Fuehrender Anbieter im landwirtschaftlichen Treuhand im Kanton Schwyz;;nein;zentraljob.ch;https://www.zentraljob.ch/firma/agro-treuhand-schwyz-gmbh/7941;;;;;unsicher;KEIN offenes Inserat belegt - nur ein Arbeitgeberprofil auf zentraljob.ch. Nische Landwirtschafts-Treuhand (viele kleine, sehr gleichfoermige Mandate) wäre inhaltlich interessant. Firmenprofil-Seite regelmässig auf neue Inserate pruefen.
28;23;5;;Alpina Treuhand AG;;;NW;übrige Zentralschweiz;;;0;;;;;nein;;https://www.alpinatreuhand.ch/;https://www.alpinatreuhand.ch/;;;;unsicher;PRIO 2. 'Ihr Treuhandbüro in Nidwalden' - Gemeinde und Adresse NICHT belegt. Vor Kontakt über zefix.ch pruefen.
28;23;5;;Pilatushof Finance;;;LU;übrige Zentralschweiz;;;0;;;;;nein;;https://pilatushof-finance.ch/;https://pilatushof-finance.ch/;;;;unsicher;Buchhaltung und Steuerberatung für KMU und Private in Luzern. Adresse nicht belegt - vor Besuch pruefen.
28;23;5;;Suter Treuhand;;;LU;übrige Zentralschweiz;;;0;;;;;nein;;https://sutertreuhand.ch/treuhand-luzern;https://sutertreuhand.ch/;;;;unsicher;"Website und Luzern-Bezug belegt, Strassenadresse NICHT belegt. Leistungen Buchhaltung, Steuern, Firmengründungen für KMU und Private; auch Standort Zürich erwähnt. Vor Besuch Adresse über search.ch/zefix pruefen."
28;23;5;;VM Treuhand AG;;;NW;übrige Zentralschweiz;;;0;;;;;nein;;https://www.vm-treuhand.ch/;https://www.vm-treuhand.ch/;;;;unsicher;PRIO 2. Tätigkeitsgebiet laut Website NW, OW, UR, LU und ZG. Leistungen: Buchführung, Abschlussberatung, Steuerberatung, LOHNWESEN, Unternehmensberatung. Sitzgemeinde nicht belegt.
;;;nationale Gruppe / Prüfnetzwerk;a&o kreston ag;Baar;6340;ZG;übrige Zentralschweiz;Sachbearbeiter/in Treuhand;80-100%;2;15;nein;Mittelstaendische Treuhandgesellschaft, Kreston-Netzwerk.;Abacus / Banana / bexio;nein;jobscout24.ch;https://www.jobscout24.ch/de/jobs-in-zug/treuhand/;https://www.aokreston.ch;;;;indiziert;Weitere offene Stellen: Sachbearbeiter Treuhand | Auch gefunden auf: jobscout24.ch | Prio-Region 2 (Zug/Baar, ab Luzern ~30 Min). Snippet nannte Anforderung 'gute Kenntnisse Buchhaltungssoftware wie ABACUS, Bexio, Banana' -> heterogene Software-Landschaft, typischer Automatisierungs-Schmerz beim Mandatswechsel. Direkte Inserats-URL nicht belegt, deshalb Trefferliste verlinkt.
;;;über 50 Mitarbeitende;Balmer-Etienne AG;Luzern;6002;LU;Luzern Stadt und Agglo;Sachbearbeiter:in Treuhand (w/m/d);50-100% (in einer Quelle 80-100%);2;200;ja;16 Vakanzen insgesamt auf JobScout24 gelistet -> grösseres Haus;;nein;jobscout24.ch;https://treuhand-job.ch/region-luzern;https://www.balmer-etienne.ch;;;;indiziert;Weitere offene Stellen: Sachbearbeiter:in Treuhand (m/w/d) 80-100% | Auch gefunden auf: JobScout24, jobagent.ch / treuhand-job.ch (Suchtreffer-Snippet), jobs.ch, jobs.ch / JobScout24 (Trefferliste) | Grosses, bekanntes Luzerner Treuhaus. Aufgaben laut Inserat: Finanzbuchhaltung mit Debitoren/Kreditoren, Mithilfe Jahresabschluss, MWST-Abrechnungen, Steuererklärungen nat. + jur. Personen. Das ist exakt der Aufgabenmix, den Automatisierung am stärksten entlastet (Belegerfassung, Debi/Kredi, MWST). Breites Pensumsfenster 50-100% = sie nehmen praktisch jeden, der kommt -> Verzweiflungssignal. JobScout24 zeigt 16 offene Stellen für Balmer-Etienne insgesamt.
;;;nationale Gruppe / Prüfnetzwerk;BDO AG;Luzern;6002;LU;Luzern Stadt und Agglo;"Sachbearbeiter Treuhand Luzern (w/m/d); zusätzlich Treuhand-Sachbearbeiter Lohn/Finanzbuchhaltung";60-100%;12;1500;ja;Grosskonzern, Luzerner Niederlassung;Abacus / Dr. Tax;nein;zentraljob.ch;https://www.zentraljob.ch/job/sachbearbeiter-treuhand-luzern-w-m-d-60-100/202066;https://www.bdo.ch;;;;indiziert;"Weitere offene Stellen: Sachbearbeiter/-in Treuhand - Private Client Services (100%); Treuhand-Sachbearbeiter Lohn-/Finanzbuchhaltung; zusätzlich KV-Lehrstelle Treuhand/Immobilien; Sachbearbeiter Treuhand Luzern (w/m/d) 60-100%; Mandatsleiter / Teamleiter Treuhand; Sachbearbeiter Treuhand (w/m/d); Sachbearbeiter/-in Treuhand - Private Client Services 100%; Sachbearbeiter Treuhand (w/m/d) Zug 60-100%; Mandatsleiter / Teamleiter Treuhand 80-100%; Sachbearbeiter Treuhand 80-100%; Sachbearbeiter/-in Treuhand - Private Client Services; Sachbearbeiter Treuhand Luzern (w/m/d) 60-100%; zusätzlich Junior Sachbearbeiter*in Treuhand 80-100%, Sachbearbeiter/-in Treuhand Private Client Services 100%, Treuhand-Sachbearbeiter Lohn-/Finanzbuchhaltung; Mandatsleiter Treuhand (w/m) 80-100% | Auch gefunden auf: JobScout24 / jobs.ch (Trefferliste), JobScout24 / zentraljob.ch, jobs.ch, jobs.ch (Suchtreffer-"
;;;über 50 Mitarbeitende;Fidinam Group Holding SA;Luzern;6003;LU;Luzern Stadt und Agglo;Sachbearbeiter/in Treuhand (80-100%);80-100%;2;800;ja;Internationale Treuhand-/Beratungsgruppe (Ursprung Tessin), mehrere Standorte;;nein;jobscout24.ch;https://www.jobs.ch/de/stellenangebote/detail/dc27dc47-7b6e-4da8-b2fd-5eef47f7fce6/;https://www.fidinam.com;;;0574919577;indiziert;Weitere offene Stellen: Sachbearbeiter/in Treuhand + Mandatsleiter Treuhand (mehrere offene Stellen) | Auch gefunden auf: jobs.ch, jooble.ch (Detailseiten) | PRIO 1. MEHRFACHBEDARF = starkes Kaufsignal: mindestens drei separate jooble-Inserate gefunden - Sachbearbeiter/in Treuhand Luzern (jdp/3649661282736244333 und jdp/-1880574919577104495), Mandatsleiter Treuhand mit Perspektive Luzern (jdp/-3271782629730244797) und Mandatsleiter Treuhand mit Home Office (rjdp/-4271929360753718967). Snippet nennt 'international tätige Treuhandgesellschaft im Herzen von Luzern', Sprachprofil Deutsch C2 / Englisch B2. Wer gleichzeitig SB und Mandatsleiter sucht, hat einen echten Kapazitätsengpass.
;;;über 50 Mitarbeitende;Gewerbe-Treuhand AG;Luzern;6002;LU;Luzern Stadt und Agglo;"Mandatsleiter/in Treuhand (Luzern); Mandatsleiter:in Treuhand und Wirtschaftspruefung mit Beteiligungsperspektive (Luzern); Sachbearbeiter/in Treuhand / Steuern (Baar/Küssnacht); Sachbearbeiter/in Treuhand (Stansstad); Sachbearbeiter Treuhand (Sursee)";unterschiedlich, teils nicht sichtbar;10;170;ja;ca. 160 Mitarbeitende, 8 Standorte, ca. 4600 Mandate;Abacus;nein;zentraljob.ch;https://www.gewerbe-treuhand.ch/de/jobs-karriere/offene-stellen;https://www.gewerbe-treuhand.ch;bewerbungen@gewerbe-treuhand.ch;bewerbungen@gewerbe-treuhand.ch;+41 41 319 92 92;indiziert;"Weitere offene Stellen: Sachbearbeiter/in Treuhand Luzern; Sachbearbeiter/in Treuhand (Stansstad); Sachbearbeiter/in Administration und Rechnungswesen 80% (Luzern); Sachbearbeiter Buchhaltung/Personal 80-100% (Küssnacht a.R.); Sachbearbeiter/in Treuhand / Steuern; Sachbearbeiter/in Treuhand; Sachbearbeiterin / Sachbearbeiter Treuhand; Berater/Beraterin Treuhand; zusätzlich Mandatsleiter/in und Teamleiter/in Treuhand; Sachbearbeiter/in Rechnungswesen & Administration 60-100%; Berater/in Treuhand (Teilzeit möglich); Mandatsleiter/in und Teamleiter/in Treuhand | Auch gefunden auf: Firmen-Karriereseite + yousty.ch + Suchtreffer, Karriereseite gewerbe-treuhand.ch, Karriereseite gewerbe-treuhand.ch (Suchtreffer-Snippet), Karriereseite gewerbe-treuhand.ch / zentraljob.ch, jobs.ch, jobs.ch (Detailseite), jobscout24.ch, jobup.ch, zentraljob.ch, zentraljob.ch / jobscout24.ch | TOP-LEAD. Mehrere "
;;;über 50 Mitarbeitende;Gewerbe-Treuhand AG Niederlassung Hochdorf;Hochdorf;;LU;übrige Zentralschweiz;;;0;170;ja;;;nein;der Firmen-Website;https://www.gewerbe-treuhand.ch/;https://www.gewerbe-treuhand.ch/;;;;indiziert;PRIO 2. Eine der 8 Filialen. Snippets nennen auch Sachbearbeiter-Treuhand-Stellen 60-100% in Hochdorf - vor Ansprache auf der Karriereseite verifizieren.
;;;über 50 Mitarbeitende;Gewerbe-Treuhand AG Niederlassung Stansstad;Stansstad;;NW;übrige Zentralschweiz;;;0;170;ja;;;nein;der Firmen-Website;https://www.gewerbe-treuhand.ch/;https://www.gewerbe-treuhand.ch/;;;;indiziert;PRIO 2. Eine der 8 Filialen, einzige in Nidwalden.
;;;nationale Gruppe / Prüfnetzwerk;KPMG;;;;übrige Deutschschweiz;Mandatsleiter:in Treuhand;80-100%;1;2500;ja;Konzern;;nein;Indeed;https://ch.indeed.com/q-mandatsleiter-treuhand-l-z%C3%BCrich,-zh-jobs.html;;;;;unsicher;Standort nicht sauber belegt, Konzern-ICP. Nur der Vollständigkeit halber erfasst, keine Ansprache-Empfehlung.
;;;über 50 Mitarbeitende;OBT AG;Schwyz;6430;SZ;übrige Zentralschweiz;Mandatsleiter Treuhand (a) 80-100% / Sachbearbeiter Treuhand (a) 80-100%;80-100%;5;900;ja;Grosse schweizweite Treuhand- und IT-Gruppe;Abacus;nein;jobs.ch;https://www.jobs.ch/en/vacancies/detail/c5b0a3a4-ae9b-44ac-bc92-cc1e89f95919/;https://www.obt.ch;;;;indiziert;"Weitere offene Stellen: Mandatsleiter Treuhand (a); Sachbearbeiter Treuhand (a); Sachbearbeiter Treuhand (a) 80-100%; Sachbearbeiter Treuhand (a) + Mandatsleiter Treuhand | Auch gefunden auf: Firmen-Karriereseite, Karriereseite obt.ch, Karriereseite obt.ch (Suchtreffer-Snippet), jobwinner.ch, jooble.ch (Detailseite) | PRIO 2. Doppelbedarf am selben Standort Schwyz (Sachbearbeiter UND Mandatsleiter, beide 80-100%, ab 1.2.2026 oder nach Vereinbarung) - klares Kapazitätssignal. ACHTUNG: OBT ist selber Abacus-Vertriebspartner und IT-Dienstleister, verkauft also teilweise konkurrierende Digitalisierung. Entweder als Partner denken statt als Kunde, oder auf Nischen zielen, die OBT nicht abdeckt."
;;;nationale Gruppe / Prüfnetzwerk;PwC Schweiz;Luzern;6005;ZH;Luzern Stadt und Agglo;Sachbearbeiter:in Treuhand;100%;2;3300;ja;Big Four;Abacus / SAP;nein;;https://jobs.pwc.ch/offene-stellen/sachbearbeiter-in-treuhand/3d34ec1e-33ff-4dc5-980d-58c655b640bf;https://www.pwc.ch;;;;indiziert;Weitere offene Stellen: Lohnspezialist:in / Mandatsleiter:in im Treuhandbereich | Auch gefunden auf: JobScout24 (Suchtreffer-Snippet) | Niedrige Prio (Konzern). Interessant nur als Marktsignal: selbst PwC Luzern findet keine Lohn-Spezialisten -> Lohnbuchhaltung ist der Engpass in der ganzen Region. Snippet: verlangt Abacus- oder SAP-Lohnmodul. Argument für Flusswerk-Pitch bei KMU-Treuhändern.
;;;unter 4 Mitarbeitende;Witus Treuhand AG;Luzern;6005;LU;Luzern Stadt und Agglo;;;0;2;ja;Gegr. 2020, 2 Personen in der Geschäftsleitung eingetragen - kleines Büro;Abacus / bexio;nein;Moneyhouse;https://witus.ch/;https://witus.ch/;;;;indiziert;PRIO 1 DIREKTBESUCH. Werftestrasse 3, 6005 Luzern. Inhaber und Treuhandexperte Patrik Schacher. WICHTIG: arbeitet laut eigener Website mit Abacus, bexio UND Triboni und hat eine eigene Seite zu 'Arbeitshilfen / Digitalisierung' (https://witus.ch/arbeitshilfen-digitalisierung-treuhand-luzern-abacus-bexio/) - höchste Digital-Affinitaet in der Liste, junges Unternehmen, Mitglied TREUHAND|SUISSE. Auch auf Facebook und Instagram aktiv (@witustreuhand).
